start,end,distance
750,850,1.964714631220152
1300,1400,2.158330107634609
1325,1425,2.734688946161224
1350,1450,3.7047911185086164
1375,1475,3.9891784821386445
1400,1500,2.70113725652653
1425,1525,3.0575000071402805
1450,1550,2.824358778420979
1475,1575,3.551355671146243
1500,1600,4.53908674019493
1525,1625,4.192494328991254
1550,1650,4.9686173086403445
1575,1675,4.1222507112572
1600,1700,4.121135722438389
1625,1725,3.87616712092407
1650,1750,3.4070123392456315
1675,1775,3.1391984300805964
1800,1900,2.431812290934432
1825,1925,2.4803418524067813
1850,1950,2.077397212516733
1875,1975,2.3459459696856917
2050,2150,2.0128033760040878
2075,2175,3.241708432017483
2100,2200,3.963899777500568
2125,2225,2.3436716060617258
2150,2250,2.374911089676112
