ltable_id,rtable_id,label,score,phase,index
393,831,0,0.0,stable,0
559,324,0,0.0,stable,1
558,3023,0,0.07,stable,2
762,1618,0,0.12,stable,3
1262,2860,0,0.0,stable,4
971,2804,0,0.065,stable,5
654,1183,0,0.0,stable,6
423,2847,0,0.03,stable,7
858,1805,0,0.1,stable,8
722,2331,0,0.02661904761904762,stable,9
1198,3033,0,0.005,stable,10
522,1512,0,0.0,stable,11
561,1136,0,0.005,stable,12
606,2867,0,0.0,stable,13
1170,861,0,0.0,stable,14
614,945,0,0.005,stable,15
1241,3145,0,0.275,stable,16
1111,2755,0,0.0,stable,17
270,2177,0,0.0,stable,18
225,2837,0,0.0,stable,19
597,242,0,0.0,stable,20
661,946,0,0.51,stable,21
705,2054,0,0.0,stable,22
1191,567,1,0.86,stable,23
606,1485,0,0.0,stable,24
1030,2320,1,0.7844543650793652,stable,25
1105,783,0,0.135,stable,26
1225,2383,0,0.0,stable,27
536,750,1,0.635,stable,28
375,532,0,0.415,stable,29
1022,2865,0,0.13,stable,30
781,3199,0,0.0,stable,31
93,3160,0,0.005,stable,32
578,2195,0,0.01,stable,33
276,3022,1,0.95,stable,34
646,836,0,0.065,stable,35
511,2821,0,0.0,stable,36
490,1514,0,0.0,stable,37
587,1001,0,0.01,stable,38
1109,2852,0,0.005,stable,39
799,1592,0,0.0,stable,40
1269,1433,1,0.53775,stable,41
1258,2490,0,0.0,stable,42
553,897,0,0.0,stable,43
539,1311,0,0.0,stable,44
897,3017,0,0.005,stable,45
22,1435,1,0.69,stable,46
997,1599,0,0.055,stable,47
348,239,0,0.0,stable,48
112,3119,0,0.25,stable,49
604,2850,0,0.0,stable,50
1124,234,0,0.0,stable,51
1148,1183,0,0.0,stable,52
267,263,0,0.0,stable,53
310,562,0,0.23,stable,54
779,792,0,0.0,stable,55
1186,1017,0,0.245,stable,56
232,1437,0,0.005,stable,57
1185,2510,0,0.0,stable,58
632,3126,0,0.02,stable,59
497,945,0,0.135,stable,60
856,5,0,0.81,stable,61
250,367,0,0.0,stable,62
131,330,0,0.395,stable,63
427,2326,0,0.4670454545454546,stable,64
546,750,0,0.215,stable,65
1262,192,1,0.16,stable,66
1308,713,1,0.81,stable,67
270,1447,0,0.0,stable,68
510,2056,1,0.27,stable,69
251,36,0,0.0,stable,70
26,897,0,0.0,stable,71
508,3060,0,0.005,stable,72
197,1892,0,0.105,stable,73
615,369,0,0.0,stable,74
105,2626,0,0.015,stable,75
233,1917,0,0.45,stable,76
571,1075,0,0.195,stable,77
508,533,0,0.02,stable,78
1078,2081,0,0.005,stable,79
751,2189,0,0.005,stable,80
515,2313,0,0.0,stable,81
874,1319,0,0.0,stable,82
648,1773,0,0.19,stable,83
1029,2081,0,0.7431944444444444,stable,84
831,2970,0,0.61,stable,85
606,2411,0,0.025,stable,86
578,2332,0,0.0,stable,87
546,986,0,0.0,stable,88
736,3032,0,0.0,stable,89
890,2143,0,0.33,stable,90
776,907,0,0.0,stable,91
1322,911,0,0.0,stable,92
558,2143,0,0.14,stable,93
620,2807,0,0.01,stable,94
1322,1146,0,0.0,stable,95
773,1014,0,0.0,stable,96
930,254,0,0.0,stable,97
604,3199,0,0.005,stable,98
1362,744,0,0.03,stable,99
157,25,0,0.04,stable,100
845,180,1,0.76,stable,101
333,2915,0,0.0,stable,102
829,3151,0,0.0,stable,103
641,1177,0,0.15,stable,104
477,2466,1,0.425,stable,105
517,1667,0,0.61,stable,106
443,1643,0,0.0,stable,107
146,2853,0,0.005,stable,108
276,3048,0,0.11,stable,109
808,2125,0,0.0,stable,110
1119,1351,0,0.615,stable,111
511,998,0,0.0,stable,112
605,2837,0,0.0,stable,113
896,159,1,0.92,stable,114
591,515,0,0.0,stable,115
559,2860,0,0.05,stable,116
602,897,0,0.0,stable,117
753,2847,0,0.0,stable,118
517,361,0,0.0,stable,119
753,915,0,0.0,stable,120
1141,2811,1,0.795,stable,121
404,2890,1,0.08,stable,122
1018,3156,0,0.63,stable,123
587,3190,0,0.0,stable,124
231,1925,0,0.0,stable,125
594,1037,0,0.005,stable,126
586,1485,0,0.0,stable,127
557,338,0,0.215,stable,128
556,1475,0,0.0,stable,129
1024,2468,0,0.025,stable,130
25,2099,0,0.32,stable,131
897,452,1,0.843279761904762,stable,132
971,647,0,0.0,stable,133
32,2008,1,0.555,stable,134
139,426,0,0.005,stable,135
1099,767,1,0.995,stable,136
823,2474,0,0.125,stable,137
1004,2232,0,0.21,stable,138
209,1937,0,0.005,stable,139
1038,2638,0,0.04,stable,140
848,843,0,0.55,stable,141
235,1970,0,0.02,stable,142
547,2863,0,0.09,stable,143
320,3087,0,0.0,stable,144
369,3062,0,0.565,stable,145
1246,857,0,0.015,stable,146
971,196,0,0.135,stable,147
265,939,0,0.09,stable,148
271,2877,0,0.0,stable,149
571,111,0,0.0,stable,150
157,1735,0,0.26,stable,151
523,3085,0,0.07,stable,152
557,190,0,0.005,stable,153
897,921,0,0.07,stable,154
465,151,0,0.005,stable,155
208,1781,0,0.005,stable,156
510,3062,0,0.09,stable,157
1001,2544,0,0.145,stable,158
132,2272,0,0.305,stable,159
233,1153,0,0.855,stable,160
944,2561,0,0.14,stable,161
167,2850,0,0.0,stable,162
559,326,1,0.805,stable,163
731,3021,0,0.0,stable,164
318,3039,0,0.01,stable,165
606,2847,0,0.14,stable,166
591,2158,0,0.01,stable,167
1090,973,1,0.445,stable,168
599,2996,0,0.49,stable,169
1174,1213,0,0.0,stable,170
1013,1566,0,0.0,stable,171
1078,2669,0,0.055,stable,172
559,2839,0,0.01,stable,173
615,977,0,0.125,stable,174
1068,2544,0,0.02,stable,175
431,1773,0,0.0,stable,176
588,1842,0,0.005,stable,177
520,3092,0,0.015,stable,178
993,3063,0,0.025,stable,179
501,808,1,0.1,stable,180
810,709,0,0.035,stable,181
270,3060,0,0.0,stable,182
198,64,0,0.28,stable,183
580,2530,0,0.0,stable,184
145,1137,0,0.03,stable,185
1002,2478,0,0.0,stable,186
1287,792,0,0.005,stable,187
892,2839,0,0.04,stable,188
420,2845,0,0.0,stable,189
625,294,1,0.925,stable,190
1052,2946,0,0.51,stable,191
554,2062,0,0.03,stable,192
548,523,0,0.0,stable,193
86,1584,0,0.0,stable,194
1266,1060,1,0.7,stable,195
547,2816,0,0.05,stable,196
1078,2723,0,0.0,stable,197
511,915,0,0.005,stable,198
653,2030,0,0.219375,stable,199
799,1735,0,0.0,stable,200
1284,3056,0,0.015,stable,201
1036,1106,0,0.065,stable,202
1148,1188,0,0.0,stable,203
991,2900,0,0.005,stable,204
287,1485,0,0.0,stable,205
1340,648,1,0.045,stable,206
608,939,0,0.005,stable,207
512,111,0,0.41,stable,208
588,151,0,0.0,stable,209
1127,2238,0,0.0,stable,210
146,2518,0,0.0,stable,211
518,1805,0,0.0,stable,212
362,2078,0,0.01,stable,213
650,1776,0,0.01,stable,214
1093,948,0,0.36,stable,215
19,1237,1,0.29,stable,216
518,3187,0,0.0,stable,217
662,3109,0,0.005,stable,218
554,3016,0,0.35,stable,219
614,1170,0,0.78,stable,220
484,750,0,0.115,stable,221
618,1485,0,0.02,stable,222
498,2153,0,0.23,stable,223
1083,1949,0,0.515,stable,224
490,2441,0,0.0,stable,225
1078,2102,0,0.01,stable,226
998,1449,0,0.425,stable,227
538,2200,1,0.03,stable,228
866,312,0,0.0,stable,229
1275,2273,0,0.01,stable,230
624,2224,0,0.19,stable,231
802,2327,0,0.035,stable,232
441,1086,0,0.115,stable,233
1078,313,0,0.03,stable,234
585,2517,1,0.7375,stable,235
1341,647,1,0.845,stable,236
574,1132,0,0.09,stable,237
360,3030,0,0.02,stable,238
181,1602,0,0.11,stable,239
517,986,1,0.9,stable,240
517,355,0,0.005,stable,241
139,939,0,0.0,stable,242
736,902,0,0.0,stable,243
839,3094,0,0.16,stable,244
827,1060,0,0.0,stable,245
553,242,0,0.005,stable,246
109,2501,0,0.47,stable,247
1176,2329,0,0.0,stable,248
589,3055,0,0.085,stable,249
1038,2102,0,0.14,stable,250
477,195,0,0.245,stable,251
453,2076,0,0.0,stable,252
570,2266,0,0.02,stable,253
753,1132,0,0.0,stable,254
244,137,0,0.0,stable,255
520,3134,0,0.0,stable,256
851,1080,0,0.02,stable,257
546,190,0,0.005,stable,258
168,2164,1,0.115,stable,259
1118,1678,0,0.035,stable,260
1051,1442,0,0.23,stable,261
431,111,0,0.415,stable,262
830,237,0,0.005,stable,263
653,741,0,0.04,stable,264
1273,326,0,0.0,stable,265
1166,2205,0,0.275,stable,266
892,324,0,0.0,stable,267
1206,537,1,0.1,stable,268
52,2008,0,0.105,stable,269
497,1095,0,0.265,stable,270
616,239,0,0.0,stable,271
413,2873,1,0.98,stable,272
587,2848,0,0.045,stable,273
1004,852,0,0.235,stable,274
333,257,0,0.0,stable,275
606,2165,1,0.31,stable,276
44,966,0,0.0,stable,277
40,456,0,0.02,stable,278
750,330,0,0.225,stable,279
1258,1032,0,0.0,stable,280
338,3059,0,0.0,stable,281
539,1124,0,0.0,stable,282
223,1583,0,0.0,stable,283
371,2847,0,0.0,stable,284
511,1902,0,0.135,stable,285
1290,3056,0,0.05,stable,286
396,3133,0,0.0,stable,287
616,2252,0,0.0,stable,288
897,521,0,0.0,stable,289
1020,3132,0,0.6481944444444444,stable,290
1089,1372,1,0.28375,stable,291
935,3186,0,0.015,stable,292
428,2956,0,0.0,stable,293
1275,2937,1,1.0,stable,294
81,1592,1,0.7325,stable,295
527,190,0,0.0,stable,296
333,2154,0,0.455,stable,297
514,2600,0,0.005,stable,298
1111,2621,0,0.0,stable,299
583,1160,0,0.57,stable,300
1176,2150,0,0.005,stable,301
181,1584,0,0.005,stable,302
294,1431,0,0.7775416666666668,stable,303
625,944,0,0.085,stable,304
990,2390,0,0.505,stable,305
333,448,0,0.0,stable,306
696,3106,0,0.005,stable,307
518,1207,0,0.0,stable,308
15,291,0,0.0,stable,309
1050,243,0,0.45,stable,310
490,2853,0,0.015,stable,311
535,2818,0,0.0,stable,312
1246,1280,0,0.0,stable,313
592,426,0,0.005,stable,314
93,1805,0,0.17,stable,315
105,2804,0,0.02,stable,316
852,2383,0,0.245,stable,317
1122,2860,0,0.03,stable,318
883,1017,0,0.0,stable,319
1268,1059,1,0.563,stable,320
592,2377,0,0.0,stable,321
195,405,0,0.07,stable,322
784,251,0,0.0,stable,323
1308,2146,0,0.0,stable,324
763,412,0,0.01,stable,325
541,2867,1,0.55,stable,326
608,1146,0,0.055,stable,327
888,375,0,0.06,stable,328
645,3160,0,0.095,stable,329
267,444,0,0.0,stable,330
753,273,0,0.0,stable,331
536,2839,0,0.0,stable,332
346,2865,1,0.875,stable,333
350,151,0,0.0,stable,334
1001,2083,0,0.005,stable,335
353,1166,0,0.043250000000000004,stable,336
1132,2993,0,0.0,stable,337
556,2227,0,0.005,stable,338
808,2100,0,0.085,stable,339
572,3032,0,0.01,stable,340
923,955,0,0.0,stable,341
557,2671,0,0.0,stable,342
1275,2399,0,0.01,stable,343
1183,892,1,0.785,stable,344
654,2154,0,0.0,stable,345
143,1830,1,0.035,stable,346
1050,2774,0,0.08,stable,347
615,1213,0,0.135,stable,348
532,1367,0,0.005,stable,349
216,192,0,0.055,stable,350
135,36,0,0.0,stable,351
797,2597,1,0.48,stable,352
823,1686,0,0.005,stable,353
1265,1282,0,0.04,stable,354
664,211,1,0.705,stable,355
1317,491,0,0.48,stable,356
528,1367,0,0.06,stable,357
1322,99,0,0.015,stable,358
1282,953,0,0.0,stable,359
781,1687,0,0.0,stable,360
1148,2363,0,0.115,stable,361
1258,2273,0,0.0,stable,362
1190,1026,1,0.99,stable,363
951,330,0,0.01,stable,364
145,2441,0,0.085,stable,365
1004,2410,0,0.185,stable,366
876,953,0,0.0,stable,367
27,1701,0,0.005,stable,368
287,3028,0,0.11,stable,369
167,540,0,0.0,stable,370
604,2821,0,0.0,stable,371
599,2851,0,0.005,stable,372
518,1075,0,0.01,stable,373
1182,798,0,0.065,stable,374
175,2998,0,0.005,stable,375
78,878,0,0.0,stable,376
890,2062,0,0.03,stable,377
859,1440,0,0.08,stable,378
839,145,0,0.015,stable,379
497,1075,0,0.03,stable,380
781,3029,0,0.0,stable,381
88,1213,0,0.03,stable,382
216,923,0,0.085,stable,383
1190,1040,0,0.105,stable,384
950,807,0,0.08,stable,385
1299,3108,0,0.035,stable,386
392,1878,0,0.005,stable,387
734,598,0,0.48,stable,388
796,2323,0,0.015,stable,389
557,70,0,0.06,stable,390
1004,2271,0,0.06,stable,391
221,95,0,0.155,stable,392
753,1643,0,0.0,stable,393
1106,3106,0,0.0,stable,394
274,2313,0,0.04,stable,395
665,3154,0,0.01,stable,396
761,1767,0,0.0,stable,397
350,2393,0,0.0,stable,398
854,191,1,0.6408333333333335,stable,399
715,321,0,0.455,stable,400
897,2308,0,0.005,stable,401
44,3016,0,0.005,stable,402
496,375,0,0.035,stable,403
910,70,0,0.065,stable,404
346,1583,0,0.07,stable,405
481,1153,0,0.005,stable,406
589,3215,0,0.57,stable,407
443,959,0,0.0,stable,408
490,1767,0,0.0,stable,409
608,911,0,0.005,stable,410
270,3164,0,0.015,stable,411
556,179,0,0.055,stable,412
1268,2772,0,0.66,stable,413
512,1169,0,0.005,stable,414
622,288,1,0.38,stable,415
518,1182,0,0.14,stable,416
695,162,0,0.075,stable,417
484,2395,0,0.14875,stable,418
62,2127,1,0.175,stable,419
492,2172,0,0.0,stable,420
537,895,1,0.87,stable,421
604,2411,0,0.09,stable,422
772,902,0,0.4,stable,423
1024,2338,0,0.26,stable,424
769,3011,0,0.0,stable,425
748,965,0,0.1,stable,426
516,485,0,0.0,stable,427
991,423,0,0.01,stable,428
1118,2393,0,0.005,stable,429
565,2193,0,0.005,stable,430
881,2039,0,0.005,stable,431
1272,1028,0,0.7202500000000001,stable,432
1362,2840,0,0.13,stable,433
1225,1447,0,0.0,stable,434
374,3141,0,0.37,stable,435
796,5,0,0.175,stable,436
837,444,0,0.6542857142857144,stable,437
577,3055,0,0.405,stable,438
632,36,0,0.005,stable,439
1305,1007,0,0.0,stable,440
565,893,0,0.0,stable,441
547,1007,0,0.0,stable,442
518,1007,0,0.075,stable,443
781,2850,0,0.21833333333333335,stable,444
1287,1026,0,0.005,stable,445
1334,3161,0,0.31,stable,446
1262,531,0,0.0,stable,447
248,125,0,0.08,stable,448
604,1497,0,0.0,stable,449
635,2019,0,0.015,stable,450
743,3003,0,0.0,stable,451
82,632,0,0.07,stable,452
876,566,0,0.0,stable,453
526,3148,0,0.005,stable,454
1322,984,0,0.0,stable,455
565,921,0,0.055,stable,456
394,2757,0,0.155,stable,457
589,3063,0,0.03,stable,458
371,945,0,0.0,stable,459
910,1213,0,0.005,stable,460
38,2058,1,0.235,stable,461
1190,107,0,0.005,stable,462
316,2624,0,0.065,stable,463
562,893,0,0.0,stable,464
763,386,1,0.55,stable,465
1019,3060,0,0.0,stable,466
604,2877,0,0.0,stable,467
1053,2280,0,0.415,stable,468
890,423,0,0.014285714285714285,stable,469
251,73,0,0.0,stable,470
510,2089,0,0.29,stable,471
135,1497,0,0.0,stable,472
503,1770,0,0.005,stable,473
736,955,0,0.0,stable,474
5,364,0,0.085,stable,475
543,2860,0,0.0,stable,476
1257,2920,0,0.0,stable,477
1282,172,0,0.0,stable,478
839,1135,0,0.074375,stable,479
602,426,0,0.0,stable,480
696,3110,0,0.0,stable,481
1064,185,0,0.35,stable,482
897,190,0,0.04,stable,483
717,500,0,0.655,stable,484
504,371,0,0.0,stable,485
935,541,0,0.02,stable,486
1340,2333,0,0.005,stable,487
834,2871,0,0.235,stable,488
492,2441,0,0.0,stable,489
606,3209,0,0.0,stable,490
531,111,0,0.0,stable,491
321,2759,0,0.0,stable,492
593,151,1,0.495,stable,493
452,2377,0,1.0,stable,494
124,2089,0,0.15,stable,495
511,137,0,0.0,stable,496
1281,3157,0,0.0,stable,497
462,937,0,0.01,stable,498
407,953,0,0.0,stable,499
574,2518,0,0.0,stable,500
249,1798,0,0.37,stable,501
967,989,0,0.434375,stable,502
1269,1062,0,0.02,stable,503
851,2926,0,0.04,stable,504
578,3175,0,0.0,stable,505
1201,3106,0,0.35,stable,506
1269,2765,0,0.0,stable,507
584,1643,0,0.145,stable,508
301,219,0,0.01,stable,509
270,1148,0,0.04,stable,510
1078,1033,0,0.0,stable,511
632,1169,0,0.035,stable,512
960,2122,0,0.02,stable,513
504,2292,0,0.22,stable,514
478,136,0,0.08,stable,515
1287,1052,0,0.04,stable,516
1259,3154,0,0.0,stable,517
255,1161,0,0.02,stable,518
736,1213,0,0.43,stable,519
1360,610,1,0.5,stable,520
3,348,0,0.0,stable,521
272,2337,1,0.16,stable,522
1225,3003,0,0.1,stable,523
162,1493,1,0.955,stable,524
1272,2399,0,0.0,stable,525
722,3212,0,0.02,stable,526
1115,1062,0,0.12,stable,527
1331,638,1,0.145,stable,528
522,1010,0,0.08,stable,529
106,1698,0,0.015,stable,530
586,3080,0,0.165,stable,531
1115,1955,1,0.86,stable,532
1185,562,1,0.91,stable,533
897,911,0,0.0,stable,534
577,3134,0,0.13,stable,535
284,330,0,0.0,stable,536
348,2206,0,0.0,stable,537
798,3108,0,0.01,stable,538
571,2821,0,0.01,stable,539
82,2884,0,0.0,stable,540
553,257,0,0.01,stable,541
865,2251,0,0.035,stable,542
594,2591,0,0.0,stable,543
531,3109,0,0.045,stable,544
992,533,0,0.01,stable,545
654,2468,0,0.005,stable,546
431,1163,0,0.005,stable,547
1127,2156,0,0.0,stable,548
4,1905,1,0.625,stable,549
412,182,1,0.85875,stable,550
737,1180,0,0.07,stable,551
736,2212,0,0.0,stable,552
1076,456,0,0.0,stable,553
558,3048,0,0.7,stable,554
1242,788,0,0.035,stable,555
267,145,0,0.175,stable,556
592,580,0,0.045,stable,557
753,2833,0,0.005,stable,558
1246,1341,0,0.005,stable,559
638,2621,0,0.0,stable,560
1300,737,1,0.88,stable,561
572,1564,1,0.61,stable,562
781,3190,0,0.02,stable,563
179,2334,0,0.055,stable,564
1341,3021,0,0.01,stable,565
267,1595,0,0.0,stable,566
839,444,0,0.05,stable,567
903,2527,1,0.9095,stable,568
67,1495,0,0.005,stable,569
875,2612,0,0.165,stable,570
431,77,0,0.0,stable,571
512,2803,0,0.01,stable,572
779,1427,0,0.01,stable,573
738,2544,0,0.5224444444444444,stable,574
1284,2720,0,0.015,stable,575
389,621,0,0.06,stable,576
222,3111,0,0.255,stable,577
837,897,0,0.0,stable,578
1287,2510,0,0.055,stable,579
1284,462,0,0.005,stable,580
953,850,1,0.84,stable,581
244,1163,0,0.0,stable,582
606,2474,0,0.02,stable,583
923,1180,0,0.0,stable,584
820,703,0,0.005,stable,585
1334,430,0,0.0,stable,586
1053,163,0,0.19,stable,587
601,2105,0,0.0,stable,588
781,1816,0,0.0,stable,589
1138,547,0,0.235,stable,590
642,190,0,0.005,stable,591
425,3036,0,0.035,stable,592
606,2518,0,0.0,stable,593
609,2452,0,0.0,stable,594
27,3070,0,0.01,stable,595
465,977,0,0.5075714285714286,stable,596
49,2072,1,0.16,stable,597
1321,260,0,0.01,stable,598
797,457,0,0.11,stable,599
871,316,0,0.355,stable,600
92,987,0,0.505,stable,601
989,822,1,0.21,stable,602
1213,2837,1,0.01,stable,603
851,1040,0,0.11,stable,604
883,190,0,0.005,stable,605
346,1907,0,0.0,stable,606
540,5,1,0.67,stable,607
462,345,0,0.01,stable,608
516,3017,0,0.015,stable,609
465,368,0,0.445,stable,610
361,1853,0,0.039375,stable,611
267,2807,0,0.055,stable,612
350,1763,0,0.0,stable,613
1046,2348,1,0.07,stable,614
860,515,0,0.0,stable,615
376,1115,0,0.29,stable,616
722,2198,0,0.0,stable,617
333,2860,0,0.135,stable,618
452,309,0,0.0,stable,619
882,2139,0,0.02,stable,620
453,2045,0,0.005,stable,621
544,1182,0,0.01,stable,622
689,1127,0,0.0,stable,623
1190,1485,0,0.005,stable,624
858,1007,0,0.005,stable,625
26,485,0,0.015,stable,626
371,2818,0,0.005,stable,627
556,3014,0,0.08,stable,628
40,2093,0,0.065,stable,629
312,2801,0,0.015,stable,630
607,2544,0,0.495,stable,631
592,485,0,0.01,stable,632
1199,954,0,0.23,stable,633
646,3022,0,0.02,stable,634
1196,791,0,0.07,stable,635
1196,3025,0,0.27,stable,636
1148,312,0,0.0,stable,637
496,1715,0,0.0,stable,638
265,465,0,0.265,stable,639
669,2984,0,0.205,stable,640
914,2049,0,0.505,stable,641
1055,758,1,0.87,stable,642
541,1010,0,0.045,stable,643
711,3163,0,0.555,stable,644
803,1146,0,0.0,stable,645
910,2444,0,0.0,stable,646
357,2108,0,0.37,stable,647
1145,3199,0,0.01,stable,648
88,3161,0,0.0,stable,649
554,832,0,0.005,stable,650
490,945,0,0.0,stable,651
1341,2062,0,0.135,stable,652
853,371,0,0.0,stable,653
251,2818,0,0.0,stable,654
1330,2606,0,0.0,stable,655
589,3200,0,0.0,stable,656
1205,536,1,0.05,stable,657
225,998,0,0.665,stable,658
1038,2550,0,0.135,stable,659
1295,702,1,0.80875,stable,660
653,2765,0,0.005,stable,661
1251,314,0,0.01,stable,662
808,2960,0,0.04,stable,663
432,165,0,0.0,stable,664
820,2032,0,0.01,stable,665
544,2853,0,0.465,stable,666
510,2064,0,0.005,stable,667
539,1367,0,0.0,stable,668
76,362,0,0.18,stable,669
194,67,0,0.575,stable,670
284,1447,0,0.0,stable,671
1196,2133,0,0.005,stable,672
1024,2273,0,0.025,stable,673
587,1512,0,0.0,stable,674
1016,548,0,0.5938888888888889,stable,675
853,986,0,0.0,stable,676
798,671,1,0.22,stable,677
727,3222,0,0.385,stable,678
631,2318,1,0.25,stable,679
1257,313,0,0.2,stable,680
1186,324,0,0.0,stable,681
781,2474,0,0.0,stable,682
950,3032,0,0.12,stable,683
823,1095,0,0.0,stable,684
1334,1146,0,0.005,stable,685
1105,462,0,0.025,stable,686
859,2613,0,0.025,stable,687
604,1120,0,0.0,stable,688
1275,2400,0,0.1,stable,689
267,3213,0,0.1,stable,690
1181,2860,0,0.0,stable,691
355,1484,0,0.165,stable,692
1056,1157,0,0.065,stable,693
605,2411,0,0.01,stable,694
697,2780,1,0.305,stable,695
1008,1907,0,0.0,stable,696
753,1014,0,0.0,stable,697
208,1770,0,0.03,stable,698
87,1120,0,0.005,stable,699
518,1120,0,0.0,stable,700
914,2585,0,0.725,stable,701
606,2137,0,0.01,stable,702
550,3094,0,0.005,stable,703
939,2132,0,0.0,stable,704
350,946,0,0.015,stable,705
879,1060,0,0.005,stable,706
176,423,0,0.03,stable,707
109,1655,0,0.41,stable,708
497,1512,0,0.0,stable,709
1349,946,0,0.0,stable,710
599,1475,0,0.0,stable,711
1186,1612,0,0.0,stable,712
646,3023,0,0.0,stable,713
557,452,0,0.02,stable,714
1290,204,0,0.005,stable,715
361,452,0,0.0,stable,716
923,371,0,0.145,stable,717
611,1036,0,0.005,stable,718
901,150,1,0.86,stable,719
593,367,0,0.085,stable,720
602,430,0,0.385,stable,721
784,1020,0,0.025,stable,722
1278,447,0,0.005,stable,723
817,2839,0,0.0,stable,724
47,2862,0,0.705,stable,725
583,2194,1,0.56,stable,726
431,1828,0,0.275,stable,727
1305,1485,0,0.005,stable,728
512,16,0,0.025,stable,729
866,192,0,0.0,stable,730
506,1010,0,0.0,stable,731
523,1497,0,0.005,stable,732
587,2821,0,0.0,stable,733
860,222,0,0.255,stable,734
349,435,0,0.0,stable,735
267,1180,0,0.0,stable,736
654,3160,0,0.13,stable,737
608,257,0,0.055,stable,738
49,548,0,0.175,stable,739
572,355,0,0.0,stable,740
1092,978,1,0.48,stable,741
1185,1062,0,0.01,stable,742
594,100,0,0.0,stable,743
975,461,0,0.025,stable,744
539,922,0,0.0,stable,745
1330,371,0,0.0,stable,746
1050,772,0,0.06,stable,747
995,2135,0,0.25,stable,748
826,2175,0,0.0,stable,749
593,1564,0,0.005,stable,750
1231,3094,0,0.0,stable,751
1159,651,0,0.17,stable,752
29,251,0,0.495,stable,753
883,4,0,0.005,stable,754
394,3221,0,0.49,stable,755
944,2565,0,0.0,stable,756
592,1923,0,0.0,stable,757
554,2996,0,0.21,stable,758
910,946,0,0.0,stable,759
1114,1362,0,0.21,stable,760
1319,477,0,0.635,stable,761
715,399,1,0.445,stable,762
779,1039,0,0.005,stable,763
821,1519,0,0.815,stable,764
839,331,0,0.03,stable,765
1259,1157,0,0.005,stable,766
1176,2820,0,0.0,stable,767
214,2357,0,0.0,stable,768
1329,1666,0,0.0,stable,769
306,2976,0,0.24317098662207356,stable,770
214,1533,0,0.0,stable,771
859,2660,0,0.31,stable,772
255,1772,0,0.215,stable,773
578,1686,0,0.04,stable,774
1190,2008,0,0.0,stable,775
823,2850,0,0.025,stable,776
15,2453,0,0.0,stable,777
181,878,0,0.065,stable,778
329,3041,0,0.8990070206706787,stable,779
432,2398,0,0.425,stable,780
44,2092,0,0.08,stable,781
176,1655,0,0.74,stable,782
588,430,0,0.0,stable,783
875,2438,0,0.325,stable,784
979,1344,0,0.22,stable,785
361,430,0,0.005,stable,786
571,2600,0,0.1,stable,787
325,2619,0,0.025,stable,788
1190,2752,0,0.379,stable,789
309,403,0,0.02,stable,790
465,1612,0,0.0,stable,791
1246,1199,0,0.0,stable,792
15,791,0,0.005,stable,793
615,1612,0,0.06,stable,794
273,8,1,0.92,stable,795
657,705,0,0.08,stable,796
396,1367,0,0.0,stable,797
1176,2686,0,0.005,stable,798
363,2854,1,0.305,stable,799
890,2996,0,0.17,stable,800
1262,368,0,0.0,stable,801
584,1828,0,0.335,stable,802
265,371,0,0.0,stable,803
950,363,0,0.09,stable,804
220,15,0,0.095,stable,805
781,3183,0,0.0,stable,806
577,2146,1,0.8023214285714286,stable,807
839,986,0,0.1,stable,808
228,1633,0,0.0,stable,809
646,1666,0,0.155,stable,810
322,190,0,0.93,stable,811
925,572,0,0.008333333333333333,stable,812
294,3128,0,0.11,stable,813
993,3033,0,0.0,stable,814
355,3095,0,0.235,stable,815
847,1573,0,0.25,stable,816
751,2728,0,0.0,stable,817
752,629,0,0.235,stable,818
531,1633,0,0.005,stable,819
944,2589,0,0.15,stable,820
1081,905,0,0.325,stable,821
705,1083,0,0.03,stable,822
587,1095,0,0.0,stable,823
111,473,0,0.555,stable,824
532,1214,0,0.005,stable,825
531,77,0,0.0,stable,826
981,2062,0,0.025,stable,827
1293,3060,0,0.0,stable,828
1038,219,0,0.07,stable,829
588,254,0,0.04,stable,830
27,2199,0,0.0,stable,831
736,257,0,0.0,stable,832
139,960,0,0.0,stable,833
636,2547,0,0.325,stable,834
816,777,0,0.0,stable,835
79,3095,0,0.43,stable,836
984,2234,1,0.395,stable,837
1255,1086,0,0.36,stable,838
737,2649,0,0.58,stable,839
1235,1900,0,0.005,stable,840
517,2649,1,0.85,stable,841
999,3207,0,0.005,stable,842
157,1151,0,0.07,stable,843
1002,1440,0,0.53,stable,844
532,1350,0,0.26,stable,845
1174,369,0,0.0,stable,846
1262,448,0,0.005,stable,847
541,2441,0,0.005,stable,848
490,1007,0,0.0,stable,849
606,945,0,0.0,stable,850
590,457,0,0.51,stable,851
883,448,0,0.0,stable,852
288,3006,0,0.8990070206706787,stable,853
1275,2435,0,0.20916666666666664,stable,854
517,331,0,0.04,stable,855
372,740,0,0.0,stable,856
773,1512,0,0.01,stable,857
1287,2744,0,0.01,stable,858
1244,1879,0,0.0,stable,859
620,448,0,0.0,stable,860
571,2877,0,0.16,stable,861
858,2816,0,0.025,stable,862
547,1095,0,0.0,stable,863
991,1655,0,0.65,stable,864
443,73,0,0.305,stable,865
618,1970,0,0.0,stable,866
614,273,0,0.0,stable,867
225,3175,0,0.0,stable,868
1262,358,0,0.085,stable,869
287,448,0,0.0,stable,870
665,2917,0,0.845,stable,871
231,1712,0,0.605,stable,872
146,1162,0,0.0,stable,873
273,1214,0,0.0,stable,874
1114,2425,0,0.21,stable,875
389,3023,0,0.17,stable,876
512,2791,0,0.0,stable,877
219,728,0,0.0,stable,878
211,1636,0,0.105,stable,879
270,1007,0,0.0,stable,880
700,412,1,0.7315,stable,881
599,3009,0,0.05375,stable,882
584,1169,0,0.05,stable,883
897,939,0,0.0,stable,884
654,2998,0,0.0,stable,885
851,2402,0,0.04,stable,886
615,99,0,0.0,stable,887
531,2513,1,0.535,stable,888
654,2112,0,0.0,stable,889
1322,324,0,0.185,stable,890
1086,1109,0,0.01,stable,891
1273,2471,1,0.885,stable,892
753,2961,0,0.0,stable,893
328,3043,0,0.145,stable,894
297,2967,0,0.43,stable,895
992,2247,1,0.225,stable,896
823,904,0,0.0,stable,897
1105,1433,0,0.135,stable,898
837,893,0,0.0,stable,899
346,1164,0,0.05,stable,900
35,2544,0,0.0,stable,901
443,2959,0,0.0,stable,902
389,1666,0,0.12,stable,903
516,1678,0,0.01,stable,904
470,1980,0,0.105,stable,905
866,314,0,0.005,stable,906
381,2640,1,0.82,stable,907
711,279,0,0.0,stable,908
26,242,0,0.005,stable,909
1289,3157,0,0.085,stable,910
282,2986,0,0.0,stable,911
616,1514,1,0.565,stable,912
412,917,0,0.015,stable,913
574,2816,0,0.0,stable,914
547,915,0,0.0,stable,915
606,1010,0,0.115,stable,916
1185,3202,0,0.06,stable,917
1011,1090,0,0.075,stable,918
1019,1485,0,0.0,stable,919
371,2837,0,0.19,stable,920
287,330,0,0.0,stable,921
1179,342,0,0.0,stable,922
858,3187,0,0.7692857142857144,stable,923
565,372,0,0.0,stable,924
368,2864,0,0.555,stable,925
17,1984,1,0.455,stable,926
574,3215,0,0.0,stable,927
532,2302,0,0.525,stable,928
1118,338,0,0.004375,stable,929
910,75,0,0.0,stable,930
883,372,0,0.0,stable,931
823,2206,0,0.0,stable,932
1258,2402,1,1.0,stable,933
580,922,0,0.0,stable,934
514,2816,0,0.0,stable,935
1272,783,0,0.0,stable,936
773,2316,0,0.175,stable,937
937,1551,0,0.005,stable,938
1281,3162,0,0.38,stable,939
999,1103,0,0.11,stable,940
1225,1373,0,0.0,stable,941
1293,2998,0,0.15,stable,942
858,2853,0,0.0,stable,943
606,998,0,0.0,stable,944
527,216,0,0.0,stable,945
606,1159,0,0.0,stable,946
625,127,0,0.215,stable,947
514,1497,0,0.0,stable,948
965,2819,0,0.02,stable,949
528,3087,0,0.0,stable,950
772,923,0,0.0,stable,951
1185,535,0,0.335,stable,952
646,832,0,0.175,stable,953
1221,2323,0,0.028999999999999998,stable,954
1170,1167,0,0.015,stable,955
1308,2367,0,0.0,stable,956
1105,2720,0,0.005,stable,957
572,954,0,0.9693478260869566,stable,958
851,2273,0,0.015,stable,959
67,1117,0,0.0,stable,960
641,333,1,0.695,stable,961
726,2788,1,0.755,stable,962
157,37,0,0.145,stable,963
799,2612,0,0.005,stable,964
1186,946,0,0.0,stable,965
254,1777,0,0.02,stable,966
1322,893,0,0.0,stable,967
382,216,0,0.0,stable,968
46,2622,0,0.015,stable,969
216,1564,0,0.04,stable,970
1272,1039,0,0.01,stable,971
431,1715,0,0.0,stable,972
1096,1351,1,1.0,stable,973
282,2987,0,0.015,stable,974
211,3091,0,0.0,stable,975
1179,2850,0,0.0,stable,976
948,2077,0,0.305,stable,977
1279,523,0,0.0,stable,978
753,3199,0,0.0,stable,979
287,2141,0,0.0,stable,980
1177,1585,0,0.0,stable,981
474,998,0,0.0,stable,982
858,1207,0,0.04,stable,983
444,2048,0,0.015,stable,984
943,880,1,0.93,stable,985
823,1162,0,0.08,stable,986
1330,508,0,0.035,stable,987
1326,678,1,0.72,stable,988
551,2216,0,0.0,stable,989
1074,2095,1,0.825,stable,990
454,2945,0,0.275,stable,991
517,566,0,0.01,stable,992
504,531,0,0.0,stable,993
1078,2402,0,0.0,stable,994
670,558,0,0.0,stable,995
547,2877,1,0.59,stable,996
279,1437,0,0.06,stable,997
323,3119,0,0.3333551587301587,stable,998
1179,1816,0,0.0,stable,999
24,1583,0,0.52,stable,1000
371,2206,0,0.0,stable,1001
132,582,0,0.005,stable,1002
823,1514,0,0.245,stable,1003
93,1643,0,0.15,stable,1004
559,176,0,0.01,stable,1005
515,2227,0,0.005,stable,1006
274,647,0,0.0,stable,1007
736,2193,0,0.0,stable,1008
1272,1048,1,0.368,stable,1009
604,2848,0,0.0,stable,1010
1310,2771,0,0.5,stable,1011
617,2999,0,0.04,stable,1012
1127,2392,0,0.0,stable,1013
41,851,0,0.0,stable,1014
1287,2065,0,0.205,stable,1015
248,36,0,0.065,stable,1016
1329,2143,1,0.23,stable,1017
1099,2922,0,0.245,stable,1018
1038,2310,0,0.005,stable,1019
514,3027,0,0.045,stable,1020
402,2945,0,0.665,stable,1021
369,3007,0,0.29,stable,1022
157,49,0,0.48,stable,1023
587,2833,0,0.0,stable,1024
602,71,0,0.0,stable,1025
1257,2030,0,0.525,stable,1026
1287,1039,0,0.02,stable,1027
1001,2550,0,0.005,stable,1028
1287,1733,0,0.69,stable,1029
622,878,0,0.005,stable,1030
516,960,0,0.215,stable,1031
271,945,0,0.0,stable,1032
6,327,0,0.005,stable,1033
371,2848,0,0.335,stable,1034
101,1670,1,0.593125,stable,1035
135,1922,0,0.0,stable,1036
1326,2105,0,0.015,stable,1037
1075,1384,0,0.01,stable,1038
316,305,0,0.42,stable,1039
35,2050,0,0.01,stable,1040
541,1007,0,0.02,stable,1041
517,372,0,0.0,stable,1042
859,802,0,0.005,stable,1043
441,1059,0,0.7049722222222222,stable,1044
317,1928,0,0.15,stable,1045
285,2946,0,0.18,stable,1046
751,3167,0,0.02,stable,1047
515,307,0,0.0,stable,1048
561,3034,0,0.0,stable,1049
350,430,0,0.00875,stable,1050
574,1636,0,0.105,stable,1051
7,1617,0,0.19,stable,1052
1139,2502,0,0.0,stable,1053
1177,2833,0,0.075,stable,1054
522,1120,0,0.0,stable,1055
146,2316,0,0.09,stable,1056
574,1010,0,0.0,stable,1057
856,3111,0,0.03,stable,1058
883,3188,0,0.0,stable,1059
766,389,1,0.65,stable,1060
146,998,0,0.02,stable,1061
1246,1321,0,0.01,stable,1062
26,921,0,0.0,stable,1063
543,1151,0,0.03,stable,1064
364,2503,0,0.005,stable,1065
5,202,0,0.09,stable,1066
361,558,0,0.01,stable,1067
804,1355,0,0.25,stable,1068
1229,902,0,0.005,stable,1069
1148,2839,0,0.015,stable,1070
512,286,0,0.77,stable,1071
1324,1115,0,0.03,stable,1072
124,1442,0,0.095,stable,1073
1004,2270,0,0.185,stable,1074
1341,3016,0,0.015,stable,1075
1258,1083,0,0.0,stable,1076
789,3108,0,0.0,stable,1077
518,945,0,0.09,stable,1078
1258,1040,0,0.048125,stable,1079
26,4,0,0.03,stable,1080
348,332,0,0.0,stable,1081
734,2060,0,0.04,stable,1082
455,769,0,0.520640873015873,stable,1083
355,2004,0,0.62,stable,1084
1014,2987,0,0.015,stable,1085
1321,1475,0,0.01,stable,1086
620,190,1,0.765,stable,1087
565,1017,0,0.005,stable,1088
737,639,0,0.0,stable,1089
827,2756,0,0.0,stable,1090
1204,3127,0,0.01,stable,1091
527,182,0,0.0,stable,1092
639,322,1,0.44,stable,1093
774,2393,0,0.0,stable,1094
1176,2395,0,0.005,stable,1095
883,531,0,0.0,stable,1096
599,3016,0,0.01,stable,1097
606,1095,0,0.0,stable,1098
2,1881,1,0.115,stable,1099
858,3027,0,0.03,stable,1100
1252,145,0,0.12,stable,1101
803,354,0,0.135,stable,1102
109,3048,0,0.415,stable,1103
1293,1485,0,0.38833333333333336,stable,1104
662,3160,0,0.0,stable,1105
781,1686,0,0.03,stable,1106
804,2207,0,0.16166666666666668,stable,1107
455,3036,0,0.145,stable,1108
271,1007,0,0.0,stable,1109
321,2174,0,0.0,stable,1110
46,2078,1,0.65,stable,1111
903,2027,0,0.2,stable,1112
484,3224,0,0.0,stable,1113
1190,2399,0,0.379,stable,1114
1055,772,0,0.8313349567099567,stable,1115
562,430,0,0.0,stable,1116
820,691,1,0.63,stable,1117
653,2402,0,0.005,stable,1118
950,294,0,0.0,stable,1119
44,2996,0,0.36,stable,1120
1048,1140,0,0.0,stable,1121
581,1690,0,0.2,stable,1122
946,1157,0,0.0,stable,1123
763,1647,0,0.115,stable,1124
753,3126,0,0.0,stable,1125
1115,2273,0,0.09,stable,1126
678,260,1,0.56,stable,1127
1177,3199,0,0.0,stable,1128
556,2501,0,0.11,stable,1129
453,2987,0,0.0,stable,1130
348,1512,0,0.0,stable,1131
1177,1182,0,0.005,stable,1132
858,2833,0,0.0,stable,1133
736,324,0,0.0,stable,1134
594,3070,0,0.0,stable,1135
641,147,0,0.305,stable,1136
1278,653,0,0.0,stable,1137
128,2253,0,0.24,stable,1138
632,1026,0,0.0,stable,1139
171,1182,0,0.015,stable,1140
518,1105,0,0.0,stable,1141
579,2318,0,0.005,stable,1142
516,558,0,0.0,stable,1143
570,784,0,0.08,stable,1144
892,960,0,0.01,stable,1145
1174,923,1,0.595,stable,1146
1044,2566,0,0.855,stable,1147
823,1170,0,0.095,stable,1148
556,3009,0,0.215,stable,1149
604,1163,0,0.0,stable,1150
578,3091,0,0.01,stable,1151
284,2363,0,0.465,stable,1152
1257,1039,0,0.005,stable,1153
23,2039,0,0.095,stable,1154
109,2227,1,0.224375,stable,1155
1290,2490,0,0.0,stable,1156
312,663,0,0.645,stable,1157
604,808,0,0.0,stable,1158
382,2292,0,0.0,stable,1159
605,2853,0,0.165,stable,1160
502,1651,0,0.11,stable,1161
502,1785,0,0.115,stable,1162
974,2307,0,0.94,stable,1163
1180,2132,1,0.28,stable,1164
965,2314,1,0.585,stable,1165
837,1180,0,0.0,stable,1166
876,151,0,0.07,stable,1167
784,2577,1,0.82,stable,1168
1269,2085,0,0.0,stable,1169
828,2819,0,0.42,stable,1170
632,2792,0,0.0,stable,1171
549,1738,0,0.0,stable,1172
269,1973,0,0.475,stable,1173
1009,817,1,0.235,stable,1174
1080,2026,0,0.06,stable,1175
45,163,0,0.015,stable,1176
944,2550,0,0.005,stable,1177
789,2562,1,0.47,stable,1178
602,1150,0,0.0,stable,1179
554,647,0,0.0,stable,1180
1053,759,1,0.825,stable,1181
1124,878,0,0.0,stable,1182
1105,2926,0,0.0,stable,1183
1150,925,1,0.5838888888888889,stable,1184
258,2669,0,0.0,stable,1185
858,3190,0,0.0,stable,1186
565,531,0,0.0,stable,1187
565,369,0,0.08,stable,1188
823,998,0,0.035,stable,1189
574,3199,0,0.0,stable,1190
1068,1157,0,0.185,stable,1191
310,2161,0,0.105,stable,1192
632,2688,0,0.01,stable,1193
875,1031,0,0.12,stable,1194
1242,1139,0,0.005,stable,1195
133,1875,0,0.04,stable,1196
1116,3067,0,0.02,stable,1197
616,286,0,0.02,stable,1198
731,196,0,0.0,stable,1199
1264,1433,0,0.0,stable,1200
1243,517,1,0.08,stable,1201
1341,307,0,0.0,stable,1202
652,3216,0,0.01,stable,1203
337,3061,0,0.275,stable,1204
1177,1497,0,0.0,stable,1205
207,1525,1,0.145,stable,1206
1348,600,1,0.65,stable,1207
418,2884,0,0.23317098662207358,stable,1208
1071,1197,0,0.38,stable,1209
645,286,0,0.085,stable,1210
760,577,0,0.085,stable,1211
264,1180,0,0.005,stable,1212
662,1720,0,0.125,stable,1213
1264,792,0,0.215,stable,1214
1321,307,0,0.015,stable,1215
606,2998,0,0.0,stable,1216
225,1518,0,0.005,stable,1217
619,290,1,0.66,stable,1218
881,2283,0,0.225,stable,1219
512,915,0,0.005,stable,1220
368,603,0,0.18,stable,1221
389,423,0,0.05,stable,1222
615,954,0,0.005,stable,1223
859,2398,0,0.23,stable,1224
930,2860,0,0.005,stable,1225
523,1137,0,0.0,stable,1226
157,3164,0,0.19,stable,1227
541,2877,0,0.115,stable,1228
79,2489,0,0.645,stable,1229
710,2565,0,0.465,stable,1230
837,3166,0,0.005,stable,1231
78,1584,0,0.0,stable,1232
520,1402,0,0.005,stable,1233
891,2860,0,0.0,stable,1234
518,2195,0,0.0,stable,1235
176,1475,1,0.965,stable,1236
222,2685,0,0.0,stable,1237
433,2242,1,0.489375,stable,1238
539,2843,0,0.0,stable,1239
1353,3021,0,0.01,stable,1240
609,3134,0,0.005,stable,1241
522,2867,0,0.0,stable,1242
272,1186,0,0.0,stable,1243
230,2334,0,0.0,stable,1244
608,521,0,0.0,stable,1245
944,1167,0,0.0,stable,1246
597,521,1,0.5420357142857143,stable,1247
1270,466,1,0.905,stable,1248
654,533,0,0.015,stable,1249
875,178,0,0.0,stable,1250
876,324,0,0.0,stable,1251
1322,921,0,0.05,stable,1252
511,2863,0,0.04,stable,1253
731,647,0,0.0,stable,1254
779,535,0,0.265,stable,1255
604,2137,0,0.0,stable,1256
1182,2608,0,0.015,stable,1257
264,331,0,0.045,stable,1258
250,1923,0,0.0,stable,1259
562,954,1,0.915,stable,1260
1162,2238,0,0.015,stable,1261
465,99,0,0.0,stable,1262
431,3109,1,0.53,stable,1263
1229,1082,1,0.18,stable,1264
348,375,0,0.0,stable,1265
941,2264,0,0.015,stable,1266
632,1497,0,0.0,stable,1267
532,1311,0,0.715,stable,1268
1053,2045,0,0.01,stable,1269
645,2853,0,0.145,stable,1270
1170,2331,0,0.02661904761904762,stable,1271
900,333,0,0.305,stable,1272
1008,1190,0,0.0,stable,1273
605,2818,0,0.005,stable,1274
26,2391,0,0.0,stable,1275
145,375,0,0.0,stable,1276
1259,2544,0,0.0,stable,1277
1174,176,0,0.23,stable,1278
734,2045,0,0.01,stable,1279
198,125,0,0.0,stable,1280
821,185,1,0.935,stable,1281
851,1955,0,0.05,stable,1282
1036,3036,0,0.165,stable,1283
500,1157,0,0.105,stable,1284
934,663,0,0.495,stable,1285
566,2799,0,0.1,stable,1286
892,426,0,0.09,stable,1287
999,1870,0,0.175,stable,1288
592,2154,0,0.0,stable,1289
181,534,0,0.01,stable,1290
114,3080,0,0.0,stable,1291
1198,1108,0,0.61,stable,1292
858,2137,0,0.02,stable,1293
592,372,0,0.18,stable,1294
1175,265,0,0.005,stable,1295
1353,260,0,0.13,stable,1296
1072,561,0,0.01,stable,1297
578,2837,0,0.0,stable,1298
6,192,0,0.005,stable,1299
910,1865,0,0.005,stable,1300
654,2766,0,0.03,stable,1301
1174,521,0,0.0,stable,1302
517,465,0,0.14,stable,1303
1038,2046,0,0.115,stable,1304
837,368,0,0.0,stable,1305
602,254,0,0.0,stable,1306
1300,1140,0,0.545,stable,1307
222,1006,0,0.02,stable,1308
1292,36,0,0.085,stable,1309
799,1961,0,0.0,stable,1310
516,70,0,0.0,stable,1311
100,1542,0,0.125,stable,1312
548,3034,0,0.525,stable,1313
176,2062,0,0.0,stable,1314
1300,840,0,0.78,stable,1315
648,1534,0,0.11,stable,1316
303,3,0,0.015,stable,1317
1078,2432,0,0.005,stable,1318
271,2837,0,0.0,stable,1319
650,2450,0,0.0,stable,1320
401,2948,0,0.249375,stable,1321
1138,934,1,0.7635,stable,1322
554,2143,0,0.61,stable,1323
93,375,0,0.055,stable,1324
350,3161,0,0.6159523809523809,stable,1325
1257,1083,0,0.005,stable,1326
516,75,0,0.005,stable,1327
981,621,0,0.48035714285714287,stable,1328
760,1464,0,0.005,stable,1329
1105,3056,0,0.005,stable,1330
88,521,0,0.03,stable,1331
584,1497,0,0.0,stable,1332
999,2002,0,0.025,stable,1333
961,1140,0,0.1383333333333333,stable,1334
797,2799,0,0.22,stable,1335
228,1011,0,0.0,stable,1336
1272,1083,0,0.005,stable,1337
511,1159,0,0.0,stable,1338
251,1893,0,0.0,stable,1339
1262,352,0,0.0,stable,1340
55,2105,1,0.5413888888888888,stable,1341
580,3133,0,0.0,stable,1342
628,625,0,0.51,stable,1343
515,196,0,0.004285714285714285,stable,1344
389,836,0,0.5392857142857143,stable,1345
516,984,0,0.0,stable,1346
605,2867,0,0.0,stable,1347
736,4,1,0.569,stable,1348
522,945,0,0.02,stable,1349
787,2567,1,0.8588860028860029,stable,1350
656,229,1,0.09,stable,1351
1322,190,0,0.005,stable,1352
281,2990,0,0.4319572466865666,stable,1353
515,260,0,0.0,stable,1354
1145,2863,0,0.0,stable,1355
359,1561,0,0.405,stable,1356
875,165,0,0.005,stable,1357
1026,2327,1,0.065,stable,1358
930,521,0,0.0,stable,1359
1259,456,1,0.87,stable,1360
452,324,0,0.005,stable,1361
851,2400,0,0.01,stable,1362
930,531,0,0.0,stable,1363
465,917,0,0.0,stable,1364
858,3171,0,0.0,stable,1365
1303,3110,0,0.005,stable,1366
349,2076,0,0.005,stable,1367
657,288,0,0.13,stable,1368
856,2323,0,0.06,stable,1369
132,344,0,0.15,stable,1370
559,331,0,0.015,stable,1371
866,700,0,0.6574929653679655,stable,1372
71,1559,0,0.055,stable,1373
444,2757,0,0.185,stable,1374
1105,1427,0,0.6,drift,1375
993,3080,0,0.125,drift,1376
267,750,0,0.4697826086956522,drift,1377
371,2863,0,0.05,drift,1378
325,3108,0,0.15,drift,1379
736,893,0,0.115,drift,1380
661,521,0,0.05866666666666667,drift,1381
465,1146,0,0.65,drift,1382
1357,413,0,0.13,drift,1383
799,804,1,0.32,drift,1384
1116,966,0,0.02,drift,1385
1272,1062,0,0.085,drift,1386
1257,792,0,0.025,drift,1387
216,430,0,0.0,drift,1388
556,3022,0,0.95,drift,1389
558,2851,1,0.46065453925365246,drift,1390
584,1137,0,0.2847826086956522,drift,1391
510,1837,0,0.17,drift,1392
779,2587,1,0.627483552631579,drift,1393
1005,891,0,0.22799999999999998,drift,1394
724,2788,0,0.9025773918916449,drift,1395
137,1717,0,0.07,drift,1396
484,190,0,0.05866666666666667,drift,1397
999,2263,1,0.315,drift,1398
316,1762,0,0.24,drift,1399
326,3113,0,0.195,drift,1400
1145,3091,0,0.015,drift,1401
26,954,0,0.04,drift,1402
615,331,0,0.035,drift,1403
523,1514,0,0.105,drift,1404
121,1768,1,0.23,drift,1405
188,1513,1,0.335,drift,1406
302,2983,0,0.6827678571428573,drift,1407
1145,1686,0,0.005,drift,1408
357,1437,0,0.005,drift,1409
263,52,0,0.035,drift,1410
837,145,0,0.135,drift,1411
518,2818,0,0.03,drift,1412
599,2313,0,0.28201067887109077,drift,1413
1303,3106,0,0.155,drift,1414
1284,1080,1,0.214375,drift,1415
546,145,0,0.52,drift,1416
520,1099,0,0.354,drift,1417
142,92,0,0.365,drift,1418
1349,354,0,0.0,drift,1419
722,1117,0,0.0,drift,1420
319,3110,0,0.04,drift,1421
512,3027,0,0.07,drift,1422
1119,2135,0,0.48,drift,1423
930,2839,0,0.0,drift,1424
253,469,0,0.015,drift,1425
615,372,0,0.25,drift,1426
264,371,0,0.09,drift,1427
176,1666,0,0.8990070206706788,drift,1428
348,1497,0,0.9649129665954811,drift,1429
345,1520,1,0.09,drift,1430
126,2914,0,0.02,drift,1431
172,1962,0,0.165,drift,1432
859,2478,0,0.8990070206706788,drift,1433
910,955,0,0.0,drift,1434
638,327,1,0.47069242002501016,drift,1435
97,1637,1,0.38,drift,1436
322,939,0,0.0,drift,1437
3,1385,0,0.0,drift,1438
276,2161,0,0.0,drift,1439
467,2084,0,0.085,drift,1440
1334,566,0,0.354,drift,1441
825,2620,1,0.255,drift,1442
553,371,0,0.105,drift,1443
1290,2765,0,0.085,drift,1444
1011,948,0,0.01,drift,1445
541,1686,0,0.039,drift,1446
829,1072,0,0.0,drift,1447
211,726,0,0.095,drift,1448
837,426,0,0.0,drift,1449
608,1017,0,0.17921052631578946,drift,1450
874,788,0,0.225,drift,1451
1146,2452,0,0.0,drift,1452
705,2920,0,0.095,drift,1453
951,2915,0,0.0,drift,1454
672,2846,1,0.9649129665954811,drift,1455
1337,2117,0,0.2,drift,1456
1269,2065,0,0.42375,drift,1457
44,845,0,0.165,drift,1458
793,1690,0,0.9,drift,1459
753,2112,0,0.0,drift,1460
325,3106,0,0.075,drift,1461
620,521,0,0.0,drift,1462
543,331,0,0.0,drift,1463
371,915,0,0.03,drift,1464
145,2600,0,0.0,drift,1465
547,1105,0,0.375,drift,1466
747,248,0,0.13,drift,1467
258,1767,0,0.19645833333333332,drift,1468
448,2147,1,0.5530649721604104,drift,1469
1066,2023,0,0.0,drift,1470
582,2799,0,0.095,drift,1471
265,984,0,0.12,drift,1472
991,832,1,0.0,drift,1473
608,192,0,0.0,drift,1474
852,1446,0,0.0,drift,1475
168,2820,0,0.325,drift,1476
1018,398,0,0.005,drift,1477
605,1011,0,0.025,drift,1478
409,2902,0,0.115,drift,1479
169,1501,1,0.7124596883118302,drift,1480
773,2137,0,0.105,drift,1481
484,3019,0,0.0,drift,1482
88,893,0,0.01,drift,1483
287,2591,0,0.0,drift,1484
858,2497,0,0.0,drift,1485
578,2165,0,0.005,drift,1486
1145,2847,0,0.315,drift,1487
134,1882,0,0.18899999999999997,drift,1488
971,260,0,0.165,drift,1489
709,2768,0,0.5975,drift,1490
837,954,0,0.21,drift,1491
1315,671,0,0.04,drift,1492
322,893,0,0.175,drift,1493
1275,783,0,0.125,drift,1494
1080,2057,0,0.14,drift,1495
539,3062,0,0.025,drift,1496
60,2106,1,0.105,drift,1497
202,2219,0,0.12,drift,1498
571,915,0,0.02,drift,1499
517,750,0,0.09480000000000001,drift,1500
285,3030,1,0.9649129665954811,drift,1501
614,998,0,0.07,drift,1502
515,621,0,0.0,drift,1503
154,1896,0,0.06,drift,1504
578,2867,0,0.0,drift,1505
93,2850,0,0.48,drift,1506
588,3161,0,0.32909090909090905,drift,1507
550,2419,0,0.59,drift,1508
157,1865,0,0.05,drift,1509
546,1900,0,0.2,drift,1510
50,2962,0,0.3665499186423771,drift,1511
1130,521,0,0.07433333333333333,drift,1512
960,2325,0,0.0,drift,1513
432,208,0,0.025,drift,1514
331,3106,0,0.075,drift,1515
774,1675,0,0.135,drift,1516
1349,977,0,0.0,drift,1517
1050,2986,0,0.015,drift,1518
412,2193,0,0.035,drift,1519
779,2139,0,0.045,drift,1520
847,1818,0,0.07,drift,1521
1174,984,0,0.995,drift,1522
620,2791,0,0.7274488107650712,drift,1523
591,2176,1,0.9649129665954811,drift,1524
1254,527,1,0.5675244494635799,drift,1525
1048,840,0,0.0,drift,1526
208,1870,0,0.05,drift,1527
548,3080,0,0.195,drift,1528
1115,1039,0,0.1,drift,1529
614,1636,0,0.62,drift,1530
389,3021,0,0.21,drift,1531
225,2137,0,0.08,drift,1532
527,3019,0,0.0,drift,1533
597,151,0,0.0,drift,1534
43,3110,0,0.065,drift,1535
759,983,0,0.065,drift,1536
736,338,0,0.05,drift,1537
644,2863,0,0.12,drift,1538
1154,2867,0,0.0,drift,1539
1316,936,0,0.38799999999999996,drift,1540
1170,2250,0,0.09,drift,1541
493,45,0,0.07,drift,1542
939,2921,0,0.14421052631578946,drift,1543
446,1216,0,0.6194,drift,1544
1008,2824,0,0.01,drift,1545
1050,759,0,0.28,drift,1546
1354,593,1,0.42375,drift,1547
360,2946,0,0.065,drift,1548
1296,692,1,0.2,drift,1549
1173,412,0,0.265,drift,1550
1215,1170,0,0.795,drift,1551
139,923,0,0.0,drift,1552
946,2584,0,0.045,drift,1553
753,2441,0,0.025,drift,1554
1320,685,1,0.605,drift,1555
588,939,0,0.0,drift,1556
267,639,0,0.025,drift,1557
511,955,0,0.09,drift,1558
1050,3132,0,0.265,drift,1559
425,1593,0,0.04,drift,1560
536,3166,0,0.155,drift,1561
465,1213,0,0.2089473684210526,drift,1562
610,277,0,0.44,drift,1563
827,2321,0,0.07400000000000001,drift,1564
830,2494,0,0.315,drift,1565
348,3027,0,0.21997827146368337,drift,1566
355,1171,0,0.0,drift,1567
879,2812,1,0.36,drift,1568
764,387,1,0.18,drift,1569
819,2055,0,0.355,drift,1570
615,151,0,0.02,drift,1571
198,1836,0,0.01,drift,1572
157,71,0,0.05,drift,1573
485,2434,1,0.405,drift,1574
737,371,0,0.125,drift,1575
880,297,0,0.04,drift,1576
1075,2188,0,0.145,drift,1577
865,2496,1,0.6975119617224881,drift,1578
654,3003,0,0.005,drift,1579
873,1070,0,0.585,drift,1580
577,1136,0,0.335,drift,1581
1108,1450,0,0.335,drift,1582
581,3039,0,0.935,drift,1583
348,2137,0,0.005,drift,1584
736,954,0,0.0,drift,1585
1175,1599,0,0.005,drift,1586
518,1585,0,0.13860952380952382,drift,1587
819,2153,0,0.3337140108493083,drift,1588
8,1936,1,0.3,drift,1589
653,2573,0,0.66,drift,1590
357,2041,0,0.265,drift,1591
553,369,0,0.0,drift,1592
897,950,0,0.005,drift,1593
631,2529,0,0.36025723889861055,drift,1594
465,954,0,0.075,drift,1595
359,1240,0,0.5,drift,1596
1190,2009,0,0.05,drift,1597
310,2008,0,0.045,drift,1598
496,924,0,0.55,drift,1599
523,273,0,0.295,drift,1600
120,1754,1,0.24,drift,1601
225,2411,0,0.039,drift,1602
233,608,0,0.105,drift,1603
1106,2452,0,0.05,drift,1604
109,2062,0,0.475,drift,1605
1292,1828,0,0.06,drift,1606
1055,2045,0,0.17,drift,1607
620,182,0,0.0,drift,1608
443,3126,0,0.005,drift,1609
741,485,0,0.215,drift,1610
1195,1342,0,0.15,drift,1611
1251,558,0,0.0,drift,1612
1306,1584,0,0.0,drift,1613
1114,3035,0,0.49,drift,1614
1019,312,0,0.10400000000000001,drift,1615
578,2257,0,0.55,drift,1616
77,1606,1,0.585,drift,1617
594,2853,0,0.06,drift,1618
1133,2171,1,0.63592806343105,drift,1619
316,1171,0,0.013999999999999999,drift,1620
63,2129,1,0.8990070206706788,drift,1621
603,2020,0,0.0,drift,1622
47,2133,0,0.04,drift,1623
930,558,0,0.0,drift,1624
823,2364,0,0.59,drift,1625
808,462,0,0.39,drift,1626
1264,204,0,0.385,drift,1627
512,1026,0,0.005,drift,1628
910,3017,0,0.23,drift,1629
799,732,0,0.0,drift,1630
888,273,0,0.205,drift,1631
1269,1083,0,0.025,drift,1632
389,2143,0,0.7033164835164836,drift,1633
624,2269,0,0.22399999999999998,drift,1634
225,1170,0,0.025,drift,1635
92,1517,0,0.46,drift,1636
1324,674,1,0.3,drift,1637
525,2494,0,0.0,drift,1638
87,2821,0,0.02,drift,1639
1176,2687,0,0.115,drift,1640
892,355,0,0.0,drift,1641
950,994,0,0.6646924200250102,drift,1642
547,2464,0,0.005,drift,1643
823,2877,0,0.63,drift,1644
233,744,0,0.27,drift,1645
361,354,0,0.0,drift,1646
176,3021,0,0.565,drift,1647
321,3120,1,0.99,drift,1648
1201,3119,0,0.08,drift,1649
866,2177,0,0.0,drift,1650
431,1137,0,0.55,drift,1651
382,2251,0,0.0,drift,1652
1330,3213,0,0.028999999999999998,drift,1653
732,1293,0,0.025,drift,1654
547,1010,0,0.01,drift,1655
573,1646,1,0.9543478260869566,drift,1656
1215,1973,0,0.005,drift,1657
389,307,0,0.06,drift,1658
1262,984,0,0.31,drift,1659
157,3077,0,0.045,drift,1660
15,1183,0,0.225,drift,1661
263,2162,0,0.09,drift,1662
768,382,1,0.02,drift,1663
396,3034,0,0.03,drift,1664
1014,3132,0,0.13,drift,1665
946,2039,0,0.865,drift,1666
511,3204,0,0.02,drift,1667
1176,1364,0,0.0,drift,1668
139,368,0,0.0,drift,1669
594,606,1,0.185,drift,1670
1110,2018,1,0.125,drift,1671
531,1720,0,0.05303571428571429,drift,1672
706,198,0,0.14,drift,1673
1330,1696,0,0.0,drift,1674
496,2441,0,0.28421052631578947,drift,1675
1264,1427,0,0.345,drift,1676
804,2132,0,0.0,drift,1677
981,3021,0,0.76,drift,1678
452,2524,1,0.7274488107650712,drift,1679
648,1190,0,0.215,drift,1680
867,782,0,0.08,drift,1681
1170,1117,0,0.205,drift,1682
786,370,0,0.005,drift,1683
324,2064,0,0.3,drift,1684
844,969,1,0.07,drift,1685
225,2165,0,0.035,drift,1686
1083,983,1,0.94,drift,1687
274,1666,0,0.4406545392536525,drift,1688
897,2393,0,0.015,drift,1689
1002,802,1,0.215,drift,1690
270,2141,0,0.0,drift,1691
618,1183,0,0.045,drift,1692
13,2425,0,0.355,drift,1693
778,3039,0,0.01,drift,1694
1294,2159,0,0.29,drift,1695
29,3207,0,0.675,drift,1696
593,946,0,0.0,drift,1697
646,3021,0,0.565,drift,1698
1037,768,1,0.2635416666666666,drift,1699
1212,2060,0,0.005,drift,1700
1054,762,0,0.045,drift,1701
574,3190,0,0.09,drift,1702
803,3188,0,0.09,drift,1703
852,2998,0,0.015,drift,1704
282,2835,0,0.175,drift,1705
540,2521,0,0.05,drift,1706
1332,288,0,0.0,drift,1707
1118,426,0,0.0,drift,1708
819,558,0,0.0,drift,1709
597,1678,0,0.355,drift,1710
1241,3055,0,0.405,drift,1711
284,312,0,0.025,drift,1712
606,1886,0,0.0,drift,1713
642,428,0,0.0,drift,1714
480,1519,0,0.405,drift,1715
646,2143,0,0.8990070206706788,drift,1716
1102,967,1,0.6067552186943491,drift,1717
572,372,0,0.035,drift,1718
541,3190,0,0.005,drift,1719
204,53,0,0.05,drift,1720
625,2755,0,0.0,drift,1721
498,2027,0,0.88,drift,1722
541,3187,0,0.285,drift,1723
578,1687,0,0.0,drift,1724
133,46,0,0.05,drift,1725
892,2807,0,0.09480000000000001,drift,1726
490,327,0,0.08900000000000001,drift,1727
933,3119,0,0.075,drift,1728
543,1667,0,0.035,drift,1729
186,1518,1,0.9193205122103412,drift,1730
599,3021,0,0.65,drift,1731
601,2048,1,0.24317098662207356,drift,1732
592,176,0,0.015,drift,1733
671,2993,0,0.135,drift,1734
557,448,0,0.0,drift,1735
624,195,0,0.025,drift,1736
556,3048,0,0.725,drift,1737
1196,2508,0,0.115,drift,1738
258,2803,0,0.0,drift,1739
1212,2133,0,0.04,drift,1740
883,216,0,0.0,drift,1741
668,220,1,0.015,drift,1742
642,911,0,0.31,drift,1743
910,1017,0,0.22,drift,1744
578,3027,0,0.3597826086956522,drift,1745
571,2474,0,0.19,drift,1746
1258,1044,1,0.38,drift,1747
339,3066,0,0.11,drift,1748
1061,1559,0,0.08,drift,1749
592,955,0,0.005,drift,1750
517,2839,0,0.04,drift,1751
1158,985,0,0.15,drift,1752
1064,691,0,0.42,drift,1753
138,1991,0,0.165,drift,1754
484,921,0,0.0,drift,1755
285,450,0,0.12,drift,1756
597,426,0,0.0,drift,1757
599,423,0,0.025,drift,1758
110,2592,0,0.025,drift,1759
662,77,0,0.0,drift,1760
907,1118,0,0.64,drift,1761
425,2560,0,0.04,drift,1762
553,999,0,0.028999999999999998,drift,1763
578,3187,0,0.33,drift,1764
146,3183,0,0.02,drift,1765
522,3199,0,0.065,drift,1766
1130,2393,0,0.0,drift,1767
135,100,0,0.0,drift,1768
522,2837,0,0.0,drift,1769
1195,1033,0,0.06375,drift,1770
699,2054,0,0.11,drift,1771
565,452,0,0.08,drift,1772
1099,2425,1,0.56,drift,1773
350,99,0,0.025,drift,1774
423,2816,0,0.105,drift,1775
970,2714,0,0.08,drift,1776
518,2600,0,0.005,drift,1777
271,2497,0,0.01,drift,1778
804,2274,0,0.54,drift,1779
511,3220,0,0.02,drift,1780
916,3106,0,0.07,drift,1781
640,323,1,0.8990070206706788,drift,1782
584,3160,0,0.07,drift,1783
1262,3161,0,0.0,drift,1784
493,2391,0,0.0,drift,1785
12,1159,0,0.03,drift,1786
895,2560,0,0.05,drift,1787
129,3159,0,0.07,drift,1788
333,168,0,0.0,drift,1789
26,367,0,0.0,drift,1790
396,1311,0,0.0,drift,1791
548,3063,0,0.28419437340153453,drift,1792
26,3017,0,0.0,drift,1793
225,1001,0,0.025,drift,1794
1284,2960,0,0.005,drift,1795
1072,2046,1,0.03,drift,1796
564,1097,0,0.0,drift,1797
1202,2892,0,0.115,drift,1798
606,2257,0,0.03,drift,1799
0,1878,1,0.655,drift,1800
662,2959,0,0.125,drift,1801
1022,306,0,0.025,drift,1802
275,3108,0,0.02,drift,1803
1304,1116,0,0.09,drift,1804
70,1485,0,0.145,drift,1805
873,3063,0,0.215,drift,1806
398,2938,0,0.24317098662207356,drift,1807
44,832,0,0.165,drift,1808
45,2849,0,0.235,drift,1809
1227,1088,1,0.23,drift,1810
275,2995,0,0.5829781376518218,drift,1811
329,2894,0,0.8990070206706788,drift,1812
877,195,1,0.015,drift,1813
821,2096,0,0.4,drift,1814
165,1728,0,0.065,drift,1815
109,3016,0,0.76,drift,1816
541,3194,0,0.005,drift,1817
27,3160,0,0.0,drift,1818
1177,1014,0,0.57,drift,1819
135,1129,0,0.075,drift,1820
1262,324,0,0.005,drift,1821
1111,2680,0,0.09,drift,1822
274,832,0,0.035,drift,1823
840,2292,0,0.0,drift,1824
654,2961,0,0.0,drift,1825
687,97,0,0.0,drift,1826
602,1146,0,0.65,drift,1827
642,216,0,0.005,drift,1828
1190,2447,0,0.42,drift,1829
1196,2076,0,0.005,drift,1830
547,3171,0,0.005,drift,1831
252,1786,0,0.22,drift,1832
1322,368,0,0.0,drift,1833
515,423,0,0.025,drift,1834
492,2853,0,0.0,drift,1835
389,3022,0,0.2895694090298209,drift,1836
539,1214,0,0.005,drift,1837
1264,3089,0,0.12,drift,1838
917,3132,0,0.02,drift,1839
1223,2852,0,0.055,drift,1840
395,2906,1,0.12,drift,1841
586,3134,0,0.0,drift,1842
334,3031,1,0.9649129665954811,drift,1843
114,3033,0,0.075,drift,1844
157,1958,0,0.07,drift,1845
989,2097,0,0.6505036836088709,drift,1846
271,1207,0,0.0,drift,1847
184,1771,0,0.134,drift,1848
946,3140,0,0.155,drift,1849
852,3003,0,0.039,drift,1850
279,2108,1,0.47065453925365247,drift,1851
784,412,0,0.005,drift,1852
578,1636,0,0.11,drift,1853
606,2853,0,0.005,drift,1854
1005,292,0,0.025,drift,1855
907,3110,0,0.06,drift,1856
680,266,1,0.115,drift,1857
1037,3036,0,0.17,drift,1858
852,2591,0,0.24478571428571425,drift,1859
973,461,0,0.3202572388986106,drift,1860
736,372,0,0.0,drift,1861
350,923,0,0.0,drift,1862
443,3117,0,0.7032280525846701,drift,1863
548,2516,0,0.38833333333333336,drift,1864
571,430,0,0.0,drift,1865
271,1497,0,0.12481551226551227,drift,1866
662,111,0,0.0,drift,1867
1246,1268,0,0.145,drift,1868
514,2818,0,0.485,drift,1869
187,1516,1,0.3,drift,1870
1056,2584,0,0.045,drift,1871
820,185,0,0.05,drift,1872
1198,1367,0,0.0,drift,1873
1127,2109,0,0.005,drift,1874
1053,2835,0,0.395,drift,1875
271,831,0,0.0,drift,1876
751,2707,0,0.005,drift,1877
625,1409,0,0.0,drift,1878
176,2996,0,0.9025773918916449,drift,1879
1176,540,0,0.475,drift,1880
229,2141,0,0.08,drift,1881
557,939,0,0.0,drift,1882
1284,2009,0,0.214375,drift,1883
1229,145,0,0.8990070206706788,drift,1884
146,915,0,0.065,drift,1885
511,2877,0,0.05,drift,1886
857,2167,0,0.27421052631578946,drift,1887
1337,1844,0,0.45,drift,1888
546,2649,0,0.05866666666666667,drift,1889
528,1265,0,0.055,drift,1890
820,2011,0,0.02,drift,1891
875,1592,0,0.055,drift,1892
834,3012,0,0.01,drift,1893
1105,107,0,0.135,drift,1894
1072,402,0,0.28,drift,1895
229,312,0,0.0,drift,1896
866,203,1,0.15,drift,1897
176,845,0,0.165,drift,1898
1251,1738,0,0.04,drift,1899
1272,1342,1,0.32,drift,1900
681,1600,0,0.545,drift,1901
840,2175,0,0.055,drift,1902
1177,2411,0,0.0,drift,1903
917,772,0,0.04,drift,1904
208,1940,0,0.19,drift,1905
912,763,0,0.505,drift,1906
145,3126,0,0.7218333333333333,drift,1907
543,145,0,0.25,drift,1908
105,3022,0,0.8990070206706788,drift,1909
74,1599,1,0.535,drift,1910
812,2797,1,0.1,drift,1911
490,100,0,0.0,drift,1912
114,3034,0,0.075,drift,1913
129,2958,0,0.085,drift,1914
465,1763,0,0.0,drift,1915
1179,891,0,0.08,drift,1916
1214,549,1,0.40666666666666673,drift,1917
827,2335,0,0.0,drift,1918
594,1447,0,0.0,drift,1919
514,3085,0,0.075,drift,1920
997,2255,1,0.4625714285714285,drift,1921
1022,1484,0,0.02625,drift,1922
606,2818,0,0.125,drift,1923
544,1585,0,0.01,drift,1924
632,332,0,0.03,drift,1925
202,59,0,0.525,drift,1926
1300,9,0,0.055,drift,1927
1014,773,1,0.505,drift,1928
486,2446,1,0.07,drift,1929
536,3094,0,0.0,drift,1930
971,845,0,0.165,drift,1931
1110,2023,0,0.0,drift,1932
1305,1852,0,0.005,drift,1933
341,556,0,0.015,drift,1934
570,2853,0,0.0,drift,1935
1039,3069,0,0.6877678571428573,drift,1936
548,1068,0,0.129,drift,1937
1264,2510,0,0.045,drift,1938
971,2313,0,0.8990070206706788,drift,1939
216,372,0,0.0,drift,1940
1185,2926,0,0.01,drift,1941
1145,2137,0,0.005,drift,1942
824,1322,0,0.0,drift,1943
496,1828,0,0.049,drift,1944
572,368,0,0.0,drift,1945
382,1089,0,0.0,drift,1946
112,3106,0,0.02,drift,1947
876,951,0,0.155,drift,1948
1127,2331,0,0.08,drift,1949
753,125,0,0.015,drift,1950
443,1715,0,0.0,drift,1951
541,1120,0,0.01,drift,1952
131,3107,1,0.975,drift,1953
577,2837,0,0.205,drift,1954
1057,919,0,0.03,drift,1955
1078,2936,0,0.2,drift,1956
146,3029,0,0.535,drift,1957
27,1188,0,0.15,drift,1958
425,1118,0,0.83,drift,1959
858,3204,0,0.005,drift,1960
1017,2062,0,0.015,drift,1961
532,0,0,0.215,drift,1962
567,3143,0,0.035,drift,1963
176,621,0,0.165,drift,1964
1069,1787,0,0.265,drift,1965
620,352,0,0.105,drift,1966
805,1637,0,0.165,drift,1967
605,3175,0,0.13,drift,1968
516,1146,0,0.395,drift,1969
523,111,0,0.02,drift,1970
520,2301,0,0.005,drift,1971
408,2813,0,0.07,drift,1972
23,2108,0,0.275,drift,1973
364,1900,0,0.025,drift,1974
606,2848,0,0.0,drift,1975
1303,743,1,0.19,drift,1976
514,3199,0,0.01,drift,1977
1305,1105,0,0.09480000000000001,drift,1978
863,891,0,0.07,drift,1979
1176,2595,0,0.125,drift,1980
645,1514,0,0.005,drift,1981
90,344,0,0.085,drift,1982
599,832,0,0.0,drift,1983
589,1138,0,0.845,drift,1984
492,1961,0,0.0,drift,1985
874,787,0,0.005,drift,1986
184,1553,0,0.325,drift,1987
863,2392,0,0.015,drift,1988
588,521,0,0.0,drift,1989
1255,1078,1,0.155,drift,1990
821,1561,1,0.76,drift,1991
1308,2773,0,0.0,drift,1992
993,1214,0,0.02,drift,1993
702,410,1,0.355,drift,1994
608,216,0,0.075,drift,1995
593,893,0,0.0,drift,1996
944,2139,0,0.015,drift,1997
520,922,0,0.005,drift,1998
465,485,0,0.0,drift,1999
1290,1057,0,0.0,drift,2000
803,2393,0,0.005,drift,2001
1353,1475,0,0.4406545392536525,drift,2002
82,878,0,0.095,drift,2003
578,1652,0,0.005,drift,2004
1111,2811,0,0.0,drift,2005
947,2070,0,0.075,drift,2006
12,2847,0,0.0,drift,2007
858,998,0,0.0,drift,2008
975,1517,0,0.9649129665954811,drift,2009
645,924,0,0.015,drift,2010
208,1865,0,0.1,drift,2011
892,428,0,0.0,drift,2012
374,2815,1,0.9649129665954811,drift,2013
511,1973,0,0.01,drift,2014
3,1879,1,0.19,drift,2015
1021,2839,0,0.0,drift,2016
522,2821,0,0.195,drift,2017
570,795,1,0.12,drift,2018
1105,3026,0,0.06,drift,2019
632,1011,0,0.06346666666666667,drift,2020
515,2804,1,0.635,drift,2021
1004,1424,0,0.12,drift,2022
586,1823,0,0.185,drift,2023
225,2847,0,0.075,drift,2024
844,2463,1,0.07,drift,2025
951,2998,0,0.0,drift,2026
250,2524,0,0.7274488107650712,drift,2027
586,3133,0,0.075,drift,2028
1038,2083,0,0.155,drift,2029
760,397,1,0.03,drift,2030
951,2839,0,0.01,drift,2031
1186,70,0,0.1,drift,2032
67,3151,0,0.07,drift,2033
48,2078,0,0.6505036836088709,drift,2034
851,3056,0,0.03,drift,2035
593,897,0,0.0,drift,2036
823,2518,0,0.4,drift,2037
1170,1072,0,0.0,drift,2038
148,2334,0,0.235,drift,2039
993,1311,0,0.005,drift,2040
652,318,1,0.09,drift,2041
511,1748,0,0.085,drift,2042
348,1007,0,0.0,drift,2043
295,2969,0,0.24317098662207356,drift,2044
827,2183,0,0.005,drift,2045
592,355,0,0.0,drift,2046
225,3171,0,0.01,drift,2047
118,2199,0,0.03,drift,2048
1269,1026,0,0.025,drift,2049
312,2771,0,0.305,drift,2050
250,1148,0,0.0,drift,2051
518,1137,0,0.025,drift,2052
1174,372,0,0.005,drift,2053
923,893,0,0.0,drift,2054
23,312,0,0.0,drift,2055
3,1068,0,0.01,drift,2056
593,372,0,0.005,drift,2057
800,3053,0,0.285,drift,2058
837,1595,0,0.1939473684210526,drift,2059
319,3106,0,0.06,drift,2060
1242,787,0,0.07,drift,2061
892,2308,0,0.7274488107650712,drift,2062
597,1146,0,0.09,drift,2063
27,2591,0,0.01,drift,2064
1110,2036,0,0.085,drift,2065
557,2473,0,0.0,drift,2066
142,1769,0,0.365,drift,2067
87,3194,0,0.01,drift,2068
593,558,0,0.0,drift,2069
678,845,0,0.035,drift,2070
1075,797,0,0.0,drift,2071
736,2393,0,0.0,drift,2072
1166,2167,1,0.405,drift,2073
320,3054,0,0.02,drift,2074
309,3050,0,0.0,drift,2075
516,331,0,0.03,drift,2076
514,1132,0,0.355,drift,2077
361,70,0,0.075,drift,2078
432,554,0,0.0,drift,2079
522,1207,0,0.035,drift,2080
910,902,0,0.0,drift,2081
630,274,1,0.105,drift,2082
602,1842,0,0.0,drift,2083
553,946,0,0.0,drift,2084
5,345,0,0.085,drift,2085
1190,2426,1,0.035,drift,2086
989,2151,0,0.6505036836088709,drift,2087
516,902,0,0.425,drift,2088
577,3143,0,0.0,drift,2089
1038,741,0,0.29,drift,2090
1068,2093,0,0.045,drift,2091
93,2195,0,0.005,drift,2092
492,3160,0,0.025,drift,2093
1101,2370,0,0.525,drift,2094
1264,3003,0,0.0,drift,2095
837,531,0,0.005,drift,2096
267,190,0,0.0,drift,2097
265,902,0,0.0,drift,2098
948,2038,0,0.0,drift,2099
518,998,0,0.75,drift,2100
1349,1017,0,0.9649129665954811,drift,2101
937,1757,0,0.16,drift,2102
364,145,0,0.035,drift,2103
614,3175,0,0.675,drift,2104
157,145,0,0.8990070206706788,drift,2105
614,2364,0,0.07,drift,2106
991,2062,0,0.23,drift,2107
614,3190,0,0.075,drift,2108
412,1017,0,0.22,drift,2109
1078,2139,0,0.045,drift,2110
516,3032,0,0.145,drift,2111
61,3046,0,0.005,drift,2112
243,141,1,0.72,drift,2113
695,2768,0,0.8990070206706788,drift,2114
145,1643,0,0.075,drift,2115
225,1162,0,0.025,drift,2116
1341,2851,0,0.8990070206706788,drift,2117
1307,716,1,0.47,drift,2118
999,2265,0,0.315,drift,2119
671,3036,0,0.085,drift,2120
604,2165,0,0.11,drift,2121
1115,1033,0,0.005,drift,2122
258,1864,0,0.16645833333333332,drift,2123
1053,243,0,0.16,drift,2124
1014,2290,0,0.28,drift,2125
827,2249,0,0.005,drift,2126
1066,2108,0,0.105,drift,2127
1170,2392,0,0.185,drift,2128
670,3183,0,0.0,drift,2129
710,2139,0,0.9649129665954811,drift,2130
609,3034,0,0.015,drift,2131
573,752,0,0.005,drift,2132
1286,2336,1,0.455,drift,2133
798,3110,0,0.07,drift,2134
851,783,0,0.04,drift,2135
738,2018,0,0.025,drift,2136
820,2355,0,0.02,drift,2137
193,1524,1,0.2,drift,2138
541,1687,0,0.005,drift,2139
1290,562,0,0.0,drift,2140
382,939,0,0.0,drift,2141
512,2271,0,0.015,drift,2142
1198,1350,0,0.0,drift,2143
1360,1908,0,0.0,drift,2144
958,986,0,0.015,drift,2145
532,922,1,0.4033333333333334,drift,2146
1024,1032,0,0.35,drift,2147
515,2996,0,0.995,drift,2148
786,2568,1,0.43375,drift,2149
562,192,0,0.12375,drift,2150
883,3161,0,0.1,drift,2151
513,2527,0,0.43875,drift,2152
333,1675,0,0.09,drift,2153
161,1491,1,0.6332568734015345,drift,2154
310,3103,1,0.9121820728291317,drift,2155
580,1099,0,0.075,drift,2156
27,1183,0,0.105,drift,2157
452,338,0,0.085,drift,2158
713,978,0,0.145,drift,2159
827,2758,1,0.585,drift,2160
518,915,1,0.445,drift,2161
586,922,0,0.005,drift,2162
753,2877,0,0.2913391102436398,drift,2163
586,3034,0,0.095,drift,2164
276,2143,0,0.23,drift,2165
875,2615,0,0.22,drift,2166
749,345,1,0.29,drift,2167
407,1647,0,0.06,drift,2168
606,1011,0,0.015,drift,2169
219,1769,0,0.365,drift,2170
364,1696,0,0.005,drift,2171
333,891,0,0.005,drift,2172
1198,1214,0,0.0,drift,2173
1305,137,0,0.290875,drift,2174
762,396,1,0.4,drift,2175
1322,452,0,0.08,drift,2176
982,2762,1,0.23,drift,2177
578,831,0,0.0,drift,2178
333,1183,0,0.0,drift,2179
3,199,0,0.0,drift,2180
105,3021,0,0.565,drift,2181
642,448,0,0.005,drift,2182
47,2987,0,0.01,drift,2183
517,984,0,0.0,drift,2184
251,2959,0,0.0,drift,2185
674,256,1,0.6160916288861561,drift,2186
1262,367,0,0.05,drift,2187
804,2122,0,0.19274999999999998,drift,2188
1177,2518,0,0.1,drift,2189
361,977,0,0.0,drift,2190
1174,354,0,0.0,drift,2191
496,111,0,0.23,drift,2192
197,1999,0,0.155,drift,2193
25,1445,1,1.0,drift,2194
1090,892,0,0.09,drift,2195
515,3009,0,0.205,drift,2196
837,508,0,0.2,drift,2197
142,1817,0,0.1,drift,2198
1246,1223,0,0.125,drift,2199
930,960,0,0.0,drift,2200
462,202,0,0.015,drift,2201
1020,2589,0,0.135,drift,2202
837,371,0,0.2694,drift,2203
556,906,0,0.52625,drift,2204
359,2894,0,0.05,drift,2205
518,2877,0,0.135,drift,2206
137,1890,0,0.07,drift,2207
196,76,0,0.14,drift,2208
578,3220,0,0.10400000000000001,drift,2209
967,277,0,0.06,drift,2210
44,2851,0,0.8990070206706788,drift,2211
322,452,0,0.07,drift,2212
322,521,0,0.0,drift,2213
350,242,0,0.0,drift,2214
355,1210,0,0.03,drift,2215
444,1432,0,0.13,drift,2216
858,2877,0,0.015,drift,2217
207,2287,0,0.0,drift,2218
145,1132,0,0.7218333333333333,drift,2219
497,2877,0,0.105,drift,2220
592,950,0,0.0,drift,2221
496,2818,0,0.1989473684210526,drift,2222
808,1052,0,0.045,drift,2223
886,2309,1,0.585,drift,2224
574,1975,0,0.04,drift,2225
1328,1114,0,0.17,drift,2226
762,1447,0,0.235,drift,2227
468,3005,0,0.02,drift,2228
858,3215,0,0.16,drift,2229
1149,920,1,0.125,drift,2230
584,959,1,0.6830368975149227,drift,2231
883,2671,0,0.005,drift,2232
465,242,0,0.175,drift,2233
265,917,0,0.0,drift,2234
112,3110,0,0.055,drift,2235
583,2844,0,0.065,drift,2236
393,1852,0,0.005,drift,2237
695,1548,0,0.095,drift,2238
330,1201,0,0.72,drift,2239
781,2206,0,0.295,drift,2240
1169,1168,0,0.21,drift,2241
781,3204,0,0.11,drift,2242
644,3107,0,0.2,drift,2243
285,2856,0,0.065,drift,2244
632,1514,0,0.33,drift,2245
91,3145,0,0.005,drift,2246
363,563,0,0.0,drift,2247
1262,893,0,0.005,drift,2248
27,2853,0,0.005,drift,2249
44,1666,0,0.8990070206706788,drift,2250
18,2873,0,0.015,drift,2251
93,1497,0,0.155,drift,2252
1084,2108,0,0.035,drift,2253
892,372,0,0.135,drift,2254
829,1495,0,0.0,drift,2255
527,960,0,0.0,drift,2256
971,1475,0,0.8990070206706788,drift,2257
544,111,0,0.285,drift,2258
26,902,0,0.02,drift,2259
1322,3161,0,0.235,drift,2260
126,2958,0,0.085,drift,2261
1170,2802,0,0.01,drift,2262
278,3108,0,0.065,drift,2263
270,192,0,0.005,drift,2264
225,3204,0,0.05,drift,2265
587,1514,0,0.565,drift,2266
1051,3062,0,0.305,drift,2267
606,1014,0,0.09,drift,2268
837,946,0,0.01,drift,2269
593,242,0,0.005,drift,2270
1142,932,0,0.0,drift,2271
923,986,0,0.0,drift,2272
578,1075,0,0.005,drift,2273
578,1585,0,0.13860952380952382,drift,2274
79,1190,0,0.94,drift,2275
324,2982,0,0.375,drift,2276
558,621,0,0.095,drift,2277
1141,995,0,0.615,drift,2278
492,2150,0,0.025,drift,2279
788,2347,0,0.35,drift,2280
883,1612,0,0.05,drift,2281
497,1170,0,0.545,drift,2282
204,1961,0,0.07,drift,2283
396,3063,0,0.52,drift,2284
1272,2490,0,0.0,drift,2285
587,1170,0,0.905,drift,2286
336,3037,0,0.4275454819806843,drift,2287
646,2501,0,0.565,drift,2288
642,1927,0,0.0,drift,2289
342,570,0,0.11,drift,2290
1241,3092,0,0.005,drift,2291
518,3194,0,0.07,drift,2292
