ltable_id,rtable_id,label,base_score,shift_score
393,831,0,0.0,0.0
559,324,0,0.0,0.0
558,3023,0,0.07,0.76
762,1618,0,0.12,0.225
1262,2860,0,0.0,0.0
971,2804,0,0.065,0.8990070206706787
654,1183,0,0.0,0.0
423,2847,0,0.03,0.405
858,1805,0,0.1,0.12
722,2331,0,0.02661904761904762,0.0
1198,3033,0,0.005,0.055
522,1512,0,0.0,0.08
561,1136,0,0.005,0.04
606,2867,0,0.0,0.0
1170,861,0,0.0,0.0
614,945,0,0.005,0.05
1241,3145,0,0.275,0.23
1111,2755,0,0.0,0.0
270,2177,0,0.0,0.025
225,2837,0,0.0,0.0
597,242,0,0.0,0.0
661,946,0,0.51,0.77
705,2054,0,0.0,0.005
1191,567,1,0.86,0.50625
606,1485,0,0.0,0.0
1030,2320,1,0.7844543650793651,0.563658240117109
1105,783,0,0.135,0.14
1225,2383,0,0.0,0.01
536,750,1,0.635,0.985
375,532,0,0.415,0.33
1022,2865,0,0.13,0.055
781,3199,0,0.0,0.02
93,3160,0,0.005,0.11
578,2195,0,0.01,0.07
276,3022,1,0.95,0.95
646,836,0,0.065,0.165
511,2821,0,0.0,0.0
490,1514,0,0.0,0.0
587,1001,0,0.01,0.63
1109,2852,0,0.005,0.0
799,1592,0,0.0,0.014285714285714285
1269,1433,1,0.53775,0.5
1258,2490,0,0.0,0.0
553,897,0,0.0,0.0
539,1311,0,0.0,0.0
897,3017,0,0.005,0.045
22,1435,1,0.69,0.38
997,1599,0,0.055,0.045
348,239,0,0.0,0.015
112,3119,0,0.25,0.06
604,2850,0,0.0,0.165
1124,234,0,0.0,0.005
1148,1183,0,0.0,0.0
267,263,0,0.0,0.05866666666666667
310,562,0,0.23,0.265
779,792,0,0.0,0.025
1186,1017,0,0.245,0.455
232,1437,0,0.005,0.08
1185,2510,0,0.0,0.055
632,3126,0,0.02,0.07
497,945,0,0.135,0.52
856,5,0,0.81,0.545
250,367,0,0.0,0.0
131,330,0,0.395,0.235
427,2326,0,0.4670454545454546,0.145
546,750,0,0.215,0.4697826086956522
1262,192,1,0.16,0.09
1308,713,1,0.81,0.49
270,1447,0,0.0,0.0
510,2056,1,0.27,0.6505036836088709
251,36,0,0.0,0.0
26,897,0,0.0,0.0
508,3060,0,0.005,0.0
197,1892,0,0.105,0.28
615,369,0,0.0,0.0
105,2626,0,0.015,0.09
233,1917,0,0.45,0.46
571,1075,0,0.195,0.64
508,533,0,0.02,0.0
1078,2081,0,0.005,0.03
751,2189,0,0.005,0.025
515,2313,0,0.0,0.28201067887109077
874,1319,0,0.0,0.0
648,1773,0,0.19,0.065
1029,2081,0,0.7431944444444444,0.72
831,2970,0,0.61,0.679228562609094
606,2411,0,0.025,0.135
578,2332,0,0.0,0.005
546,986,0,0.0,0.063140350877193
736,3032,0,0.0,0.01
890,2143,0,0.33,0.6482568734015345
776,907,0,0.0,0.13866805761206083
1322,911,0,0.0,0.0
558,2143,0,0.14,0.8991118421052632
620,2807,0,0.01,0.09480000000000001
1322,1146,0,0.0,0.09
773,1014,0,0.0,0.8990070206706787
930,254,0,0.0,0.0
604,3199,0,0.005,0.139
1362,744,0,0.03,0.0
157,25,0,0.04,0.05
845,180,1,0.76,0.715
333,2915,0,0.0,0.005
829,3151,0,0.0,0.0
641,1177,0,0.15,0.12
477,2466,1,0.425,0.63
517,1667,0,0.61,0.59
443,1643,0,0.0,0.09
146,2853,0,0.005,0.03
276,3048,0,0.11,0.725
808,2125,0,0.0,0.06
1119,1351,0,0.615,0.48
511,998,0,0.0,0.005
605,2837,0,0.0,0.005
896,159,1,0.92,0.335
591,515,0,0.0,0.0
559,2860,0,0.05,0.005
602,897,0,0.0,0.0
753,2847,0,0.0,0.12218221883210441
517,361,0,0.0,0.125
753,915,0,0.0,0.12718221883210443
1141,2811,1,0.795,0.655
404,2890,1,0.08,0.06
1018,3156,0,0.63,0.9649129665954811
587,3190,0,0.0,0.03
231,1925,0,0.0,0.055
594,1037,0,0.005,0.098375
586,1485,0,0.0,0.0
557,338,0,0.215,0.195
556,1475,0,0.0,0.435
1024,2468,0,0.025,0.04
25,2099,0,0.32,1.0
897,452,1,0.843279761904762,0.24875
971,647,0,0.0,0.165
32,2008,1,0.555,1.0
139,426,0,0.005,0.0
1099,767,1,0.995,0.56
823,2474,0,0.125,0.29
1004,2232,0,0.21,0.175
209,1937,0,0.005,0.035
1038,2638,0,0.04,0.225
848,843,0,0.55,0.05
235,1970,0,0.02,0.095
547,2863,0,0.09,0.04
320,3087,0,0.0,0.0
369,3062,0,0.565,0.245
1246,857,0,0.015,0.005
971,196,0,0.135,0.165
265,939,0,0.09,0.305
271,2877,0,0.0,0.09
571,111,0,0.0,0.039
157,1735,0,0.26,0.14
523,3085,0,0.07,0.005
557,190,0,0.005,0.015
897,921,0,0.07,0.005
465,151,0,0.005,0.02
208,1781,0,0.005,0.035
510,3062,0,0.09,0.08
1001,2544,0,0.145,0.05
132,2272,0,0.305,0.095
233,1153,0,0.855,0.9649129665954811
944,2561,0,0.14,0.175
167,2850,0,0.0,0.005
559,326,1,0.805,0.7
731,3021,0,0.0,0.18
318,3039,0,0.01,0.06
606,2847,0,0.14,0.175
591,2158,0,0.01,0.01
1090,973,1,0.445,0.33
599,2996,0,0.49,0.995
1174,1213,0,0.0,0.0
1013,1566,0,0.0,0.22
1078,2669,0,0.055,0.38
559,2839,0,0.01,0.0
615,977,0,0.125,0.19
1068,2544,0,0.02,0.045
431,1773,0,0.0,0.005
588,1842,0,0.005,0.0
520,3092,0,0.015,0.215
993,3063,0,0.025,0.03
501,808,1,0.1,0.6534210526315789
810,709,0,0.035,0.1
270,3060,0,0.0,0.0
198,64,0,0.28,0.2582083333333333
580,2530,0,0.0,0.005
145,1137,0,0.03,0.02
1002,2478,0,0.0,0.0
1287,792,0,0.005,0.005
892,2839,0,0.04,0.02
420,2845,0,0.0,0.0
625,294,1,0.925,0.6646924200250102
1052,2946,0,0.51,0.5829781376518218
554,2062,0,0.03,0.23
548,523,0,0.0,0.0
86,1584,0,0.0,0.005
1266,1060,1,0.7,0.24
547,2816,0,0.05,0.73
1078,2723,0,0.0,0.005
511,915,0,0.005,0.005
653,2030,0,0.219375,0.27
799,1735,0,0.0,0.0
1284,3056,0,0.015,0.08
1036,1106,0,0.065,0.03
1148,1188,0,0.0,0.0
991,2900,0,0.005,0.005
287,1485,0,0.0,0.0
1340,648,1,0.045,0.114
608,939,0,0.005,0.035
512,111,0,0.41,0.295
588,151,0,0.0,0.0
1127,2238,0,0.0,0.065
146,2518,0,0.0,0.085
518,1805,0,0.0,0.005
362,2078,0,0.01,0.49869958754502586
650,1776,0,0.01,0.07
1093,948,0,0.36,0.085
19,1237,1,0.29,0.63
518,3187,0,0.0,0.375
662,3109,0,0.005,0.09
554,3016,0,0.35,0.805
614,1170,0,0.78,0.99
484,750,0,0.115,0.12
618,1485,0,0.02,0.05
498,2153,0,0.23,0.5286607142857143
1083,1949,0,0.515,0.38
490,2441,0,0.0,0.0
1078,2102,0,0.01,0.03
998,1449,0,0.425,0.685
538,2200,1,0.03,0.9649129665954811
866,312,0,0.0,0.0
1275,2273,0,0.01,0.04
624,2224,0,0.19,0.21899999999999997
802,2327,0,0.035,0.45
441,1086,0,0.115,0.065
1078,313,0,0.03,0.13
585,2517,1,0.7375,0.095
1341,647,1,0.845,0.165
574,1132,0,0.09,0.16
360,3030,0,0.02,0.195
181,1602,0,0.11,0.05
517,986,1,0.9,0.73
517,355,0,0.005,0.0
139,939,0,0.0,0.0
736,902,0,0.0,0.0
839,3094,0,0.16,0.14
827,1060,0,0.0,0.0
553,242,0,0.005,0.005
109,2501,0,0.47,0.735
1176,2329,0,0.0,0.0
589,3055,0,0.085,0.405
1038,2102,0,0.14,0.155
477,195,0,0.245,0.125
453,2076,0,0.0,0.0
570,2266,0,0.02,0.175
753,1132,0,0.0,0.015
244,137,0,0.0,0.0
520,3134,0,0.0,0.0
851,1080,0,0.02,0.05
546,190,0,0.005,0.0
168,2164,1,0.115,0.01
1118,1678,0,0.035,0.21
1051,1442,0,0.23,0.51
431,111,0,0.415,0.26375
830,237,0,0.005,0.0
653,741,0,0.04,0.6790307692307692
1273,326,0,0.0,0.0
1166,2205,0,0.275,0.805
892,324,0,0.0,0.0
1206,537,1,0.1,0.35
52,2008,0,0.105,0.5292409691292463
497,1095,0,0.265,0.4975
616,239,0,0.0,0.09792295957284516
413,2873,1,0.98,0.9649129665954811
587,2848,0,0.045,0.05
1004,852,0,0.235,0.12
333,257,0,0.0,0.0
606,2165,1,0.31,0.49
44,966,0,0.0,0.04
40,456,0,0.02,0.01
750,330,0,0.225,0.235
1258,1032,0,0.0,0.0
338,3059,0,0.0,0.0
539,1124,0,0.0,0.14
223,1583,0,0.0,0.005
371,2847,0,0.0,0.015
511,1902,0,0.135,0.129
1290,3056,0,0.05,0.14
396,3133,0,0.0,0.075
616,2252,0,0.0,0.0
897,521,0,0.0,0.0
1020,3132,0,0.6481944444444444,0.1
1089,1372,1,0.28375,0.5144
935,3186,0,0.015,0.13
428,2956,0,0.0,0.025
1275,2937,1,1.0,0.345
81,1592,1,0.7325,0.94
527,190,0,0.0,0.06346666666666667
333,2154,0,0.455,0.9649129665954811
514,2600,0,0.005,0.02
1111,2621,0,0.0,0.0
583,1160,0,0.57,0.91
1176,2150,0,0.005,0.02
181,1584,0,0.005,0.0
294,1431,0,0.7775416666666668,0.5475
625,944,0,0.085,0.335
990,2390,0,0.505,0.8990070206706787
333,448,0,0.0,0.0
696,3106,0,0.005,0.075
518,1207,0,0.0,0.0
15,291,0,0.0,0.024375
1050,243,0,0.45,0.24
490,2853,0,0.015,0.01
535,2818,0,0.0,0.12218221883210441
1246,1280,0,0.0,0.075
592,426,0,0.005,0.005
93,1805,0,0.17,0.154
105,2804,0,0.02,0.8990070206706787
852,2383,0,0.245,0.095
1122,2860,0,0.03,0.025
883,1017,0,0.0,0.07
1268,1059,1,0.563,0.225
592,2377,0,0.0,0.07366666666666667
195,405,0,0.07,0.3493313129726846
784,251,0,0.0,0.0
1308,2146,0,0.0,0.3157249645853765
763,412,0,0.01,0.025
541,2867,1,0.55,0.9649129665954811
608,1146,0,0.055,0.325
888,375,0,0.06,0.205
645,3160,0,0.095,0.889
267,444,0,0.0,0.16366805761206085
753,273,0,0.0,0.015
536,2839,0,0.0,0.0
346,2865,1,0.875,0.9649129665954811
350,151,0,0.0,0.0
1001,2083,0,0.005,0.02
353,1166,0,0.043250000000000004,0.07
1132,2993,0,0.0,0.02
556,2227,0,0.005,0.005
808,2100,0,0.085,0.27
572,3032,0,0.01,0.015
923,955,0,0.0,0.0
557,2671,0,0.0,0.005
1275,2399,0,0.01,0.04
1183,892,1,0.785,0.9649129665954811
654,2154,0,0.0,0.0
143,1830,1,0.035,0.07
1050,2774,0,0.08,0.6674835526315789
615,1213,0,0.135,0.2089473684210526
532,1367,0,0.005,0.2
216,192,0,0.055,0.035
135,36,0,0.0,0.0
797,2597,1,0.48,0.34375
823,1686,0,0.005,0.025
1265,1282,0,0.04,0.21
664,211,1,0.705,0.46
1317,491,0,0.48,0.04
528,1367,0,0.06,0.175
1322,99,0,0.015,0.055
1282,953,0,0.0,0.0
781,1687,0,0.0,0.0
1148,2363,0,0.115,0.135
1258,2273,0,0.0,0.13
1190,1026,1,0.99,0.135
951,330,0,0.01,0.135
145,2441,0,0.085,0.27
1004,2410,0,0.185,0.335
876,953,0,0.0,0.0
27,1701,0,0.005,0.024375
287,3028,0,0.11,0.135
167,540,0,0.0,0.0
604,2821,0,0.0,0.1
599,2851,0,0.005,0.515
518,1075,0,0.01,0.005
1182,798,0,0.065,0.03
175,2998,0,0.005,0.015
78,878,0,0.0,0.0
890,2062,0,0.03,0.23
859,1440,0,0.08,0.8990070206706787
839,145,0,0.015,0.103575
497,1075,0,0.03,0.625
781,3029,0,0.0,0.0
88,1213,0,0.03,0.015
216,923,0,0.085,0.035
1190,1040,0,0.105,0.035
950,807,0,0.08,0.015
1299,3108,0,0.035,0.075
392,1878,0,0.005,0.005
734,598,0,0.48,0.185
796,2323,0,0.015,0.01
557,70,0,0.06,0.135
1004,2271,0,0.06,0.175
221,95,0,0.155,0.13
753,1643,0,0.0,0.03
1106,3106,0,0.0,0.0
274,2313,0,0.04,0.21997827146368337
665,3154,0,0.01,0.01
761,1767,0,0.0,0.005
350,2393,0,0.0,0.0
854,191,1,0.6408333333333335,0.43375
715,321,0,0.455,0.5611212406015038
897,2308,0,0.005,0.095
44,3016,0,0.005,0.565
496,375,0,0.035,0.48
910,70,0,0.065,0.145
346,1583,0,0.07,0.015
481,1153,0,0.005,0.16
589,3215,0,0.57,0.12
443,959,0,0.0,0.135
490,1767,0,0.0,0.0
608,911,0,0.005,0.035
270,3164,0,0.015,0.0
556,179,0,0.055,0.0
1268,2772,0,0.66,0.22
512,1169,0,0.005,0.11928571428571429
622,288,1,0.38,0.19
518,1182,0,0.14,0.715
695,162,0,0.075,0.845228480849413
484,2395,0,0.14875,0.6230043859649124
62,2127,1,0.175,0.085
492,2172,0,0.0,0.0
537,895,1,0.87,0.6586932975229852
604,2411,0,0.09,0.22
772,902,0,0.4,0.475
1024,2338,0,0.26,0.345
769,3011,0,0.0,0.0
748,965,0,0.1,0.02
516,485,0,0.0,0.0
991,423,0,0.01,0.025
1118,2393,0,0.005,0.065
565,2193,0,0.005,0.02
881,2039,0,0.005,0.385
1272,1028,0,0.7202500000000001,0.455
1362,2840,0,0.13,0.3205073099415204
1225,1447,0,0.0,0.0
374,3141,0,0.37,0.3394736842105263
796,5,0,0.175,0.29
837,444,0,0.6542857142857144,0.535
577,3055,0,0.405,0.63
632,36,0,0.005,0.0
1305,1007,0,0.0,0.0
565,893,0,0.0,0.0
547,1007,0,0.0,0.0
518,1007,0,0.075,0.125
781,2850,0,0.21833333333333335,0.295
1287,1026,0,0.005,0.025
1334,3161,0,0.31,0.475
1262,531,0,0.0,0.005
248,125,0,0.08,0.06
604,1497,0,0.0,0.11683571428571429
635,2019,0,0.015,0.02
743,3003,0,0.0,0.0
82,632,0,0.07,0.095
876,566,0,0.0,0.0
526,3148,0,0.005,0.0
1322,984,0,0.0,0.0
565,921,0,0.055,0.095
394,2757,0,0.155,0.9649129665954811
589,3063,0,0.03,0.04
371,945,0,0.0,0.03
910,1213,0,0.005,0.125
38,2058,1,0.235,0.8320668859649123
1190,107,0,0.005,0.0
316,2624,0,0.065,0.08
562,893,0,0.0,0.0
763,386,1,0.55,0.3
1019,3060,0,0.0,0.0
604,2877,0,0.0,0.1
1053,2280,0,0.415,0.11
890,423,0,0.014285714285714285,0.025
251,73,0,0.0,0.0
510,2089,0,0.29,0.17
135,1497,0,0.0,0.035
503,1770,0,0.005,0.04
736,955,0,0.0,0.0
5,364,0,0.085,0.085
543,2860,0,0.0,0.0
1257,2920,0,0.0,0.0
1282,172,0,0.0,0.0
839,1135,0,0.074375,0.12
602,426,0,0.0,0.0
696,3110,0,0.0,0.055
1064,185,0,0.35,0.42
897,190,0,0.04,0.085
717,500,0,0.655,0.43
504,371,0,0.0,0.0
935,541,0,0.02,0.01
1340,2333,0,0.005,0.005
834,2871,0,0.235,0.22899999999999998
492,2441,0,0.0,0.0
606,3209,0,0.0,0.0
531,111,0,0.0,0.0
321,2759,0,0.0,0.0
593,151,1,0.495,0.9693478260869566
452,2377,0,1.0,0.7274488107650713
124,2089,0,0.15,0.655
511,137,0,0.0,0.0
1281,3157,0,0.0,0.025
462,937,0,0.01,0.035
407,953,0,0.0,0.0
574,2518,0,0.0,0.075
249,1798,0,0.37,0.23987499999999998
967,989,0,0.434375,0.195
1269,1062,0,0.02,0.075
851,2926,0,0.04,0.025
578,3175,0,0.0,0.01
1201,3106,0,0.35,0.06
1269,2765,0,0.0,0.015
584,1643,0,0.145,0.17
301,219,0,0.01,0.02
270,1148,0,0.04,0.28
1078,1033,0,0.0,0.0
632,1169,0,0.035,0.405
960,2122,0,0.02,0.02
504,2292,0,0.22,0.435
478,136,0,0.08,0.17
1287,1052,0,0.04,0.085
1259,3154,0,0.0,0.005
255,1161,0,0.02,0.0
736,1213,0,0.43,0.44909090909090904
1360,610,1,0.5,0.33
3,348,0,0.0,0.025
272,2337,1,0.16,0.03
1225,3003,0,0.1,0.06
162,1493,1,0.955,0.33
1272,2399,0,0.0,0.13
722,3212,0,0.02,0.005
1115,1062,0,0.12,0.1
1331,638,1,0.145,0.345
522,1010,0,0.08,0.14
106,1698,0,0.015,0.015
586,3080,0,0.165,0.43
1115,1955,1,0.86,0.55
1185,562,1,0.91,0.38
897,911,0,0.0,0.0
577,3134,0,0.13,0.77
284,330,0,0.0,0.005
348,2206,0,0.0,0.12198221883210442
798,3108,0,0.01,0.194375
571,2821,0,0.01,0.13
82,2884,0,0.0,0.0
553,257,0,0.01,0.005
865,2251,0,0.035,0.27236842105263154
594,2591,0,0.0,0.025
531,3109,0,0.045,0.09
992,533,0,0.01,0.02
654,2468,0,0.005,0.03
431,1163,0,0.005,0.095
1127,2156,0,0.0,0.01
4,1905,1,0.625,0.54
412,182,1,0.85875,0.24875
737,1180,0,0.07,0.155
736,2212,0,0.0,0.015
1076,456,0,0.0,0.05
558,3048,0,0.7,0.7969830122040841
1242,788,0,0.035,0.0
267,145,0,0.175,0.52
592,580,0,0.045,0.035
753,2833,0,0.005,0.12718221883210443
1246,1341,0,0.005,0.085
638,2621,0,0.0,0.0
1300,737,1,0.88,0.52
572,1564,1,0.61,0.45
781,3190,0,0.02,0.295
179,2334,0,0.055,0.235
1341,3021,0,0.01,0.565
267,1595,0,0.0,0.07314035087719299
839,444,0,0.05,0.125
903,2527,1,0.9095,0.43875
67,1495,0,0.005,0.034
875,2612,0,0.165,0.22
431,77,0,0.0,0.005
512,2803,0,0.01,0.015
779,1427,0,0.01,0.04
738,2544,0,0.5224444444444444,0.215
1284,2720,0,0.015,0.08
389,621,0,0.06,0.02
222,3111,0,0.255,0.235
837,897,0,0.0,0.0
1287,2510,0,0.055,0.075
1284,462,0,0.005,0.045
953,850,1,0.84,0.15
244,1163,0,0.0,0.01
606,2474,0,0.02,0.0
923,1180,0,0.0,0.038375
820,703,0,0.005,0.14
1334,430,0,0.0,0.0
1053,163,0,0.19,0.16
601,2105,0,0.0,0.0
781,1816,0,0.0,0.0
1138,547,0,0.235,0.28
642,190,0,0.005,0.01
425,3036,0,0.035,0.04
606,2518,0,0.0,0.0
609,2452,0,0.0,0.06
27,3070,0,0.01,0.01
465,977,0,0.5075714285714286,0.19
49,2072,1,0.16,0.015
1321,260,0,0.01,0.04
797,457,0,0.11,0.16399999999999998
871,316,0,0.355,1.0
92,987,0,0.505,0.455
989,822,1,0.21,0.71
1213,2837,1,0.01,0.015
851,1040,0,0.11,0.15
883,190,0,0.005,0.015
346,1907,0,0.0,0.0
540,5,1,0.67,0.6
462,345,0,0.01,0.01
516,3017,0,0.015,0.02
465,368,0,0.445,0.38
361,1853,0,0.039375,0.065
267,2807,0,0.055,0.005
350,1763,0,0.0,0.025
1046,2348,1,0.07,0.045
860,515,0,0.0,0.0
376,1115,0,0.29,0.855
722,2198,0,0.0,0.0
333,2860,0,0.135,0.015
452,309,0,0.0,0.0
882,2139,0,0.02,0.3415499186423772
453,2045,0,0.005,0.025
544,1182,0,0.01,0.115
689,1127,0,0.0,0.8990070206706787
1190,1485,0,0.005,0.015
858,1007,0,0.005,0.0
26,485,0,0.015,0.02
371,2818,0,0.005,0.03
556,3014,0,0.08,0.65
40,2093,0,0.065,0.035
312,2801,0,0.015,0.07
607,2544,0,0.495,0.215
592,485,0,0.01,0.015
1199,954,0,0.23,0.34
646,3022,0,0.02,0.8990070206706787
1196,791,0,0.07,0.06
1196,3025,0,0.27,0.19
1148,312,0,0.0,0.01
496,1715,0,0.0,0.0
265,465,0,0.265,0.08
669,2984,0,0.205,0.51
914,2049,0,0.505,0.225
1055,758,1,0.87,0.465
541,1010,0,0.045,0.005
711,3163,0,0.555,0.23
803,1146,0,0.0,0.09
910,2444,0,0.0,0.05
357,2108,0,0.37,0.5
1145,3199,0,0.01,0.05
88,3161,0,0.0,0.01
554,832,0,0.005,0.0
490,945,0,0.0,0.0
1341,2062,0,0.135,0.8990070206706787
853,371,0,0.0,0.0
251,2818,0,0.0,0.0
1330,2606,0,0.0,0.0
589,3200,0,0.0,0.14
1205,536,1,0.05,0.005
225,998,0,0.665,0.465
1038,2550,0,0.135,0.155
1295,702,1,0.80875,0.585
653,2765,0,0.005,0.01
1251,314,0,0.01,0.0
808,2960,0,0.04,0.02
432,165,0,0.0,0.0
820,2032,0,0.01,0.02
544,2853,0,0.465,0.6646924200250102
510,2064,0,0.005,0.3
539,1367,0,0.0,0.005
76,362,0,0.18,0.425
194,67,0,0.575,0.07
284,1447,0,0.0,0.015
1196,2133,0,0.005,0.025
1024,2273,0,0.025,0.04
587,1512,0,0.0,0.075
1016,548,0,0.5938888888888889,0.205
853,986,0,0.0,0.0
798,671,1,0.22,0.285
727,3222,0,0.385,0.005
631,2318,1,0.25,0.439375
1257,313,0,0.2,0.105
1186,324,0,0.0,0.0
781,2474,0,0.0,0.005
950,3032,0,0.12,0.075
823,1095,0,0.0,0.25
1334,1146,0,0.005,0.125
1105,462,0,0.025,0.195
859,2613,0,0.025,0.075
604,1120,0,0.0,0.0
1275,2400,0,0.1,0.125
267,3213,0,0.1,0.6625119617224882
1181,2860,0,0.0,0.0
355,1484,0,0.165,0.705
1056,1157,0,0.065,0.8990070206706787
605,2411,0,0.01,0.039
697,2780,1,0.305,0.05
1008,1907,0,0.0,0.0
753,1014,0,0.0,0.3307249645853765
208,1770,0,0.03,0.06
87,1120,0,0.005,0.0
518,1120,0,0.0,0.005
914,2585,0,0.725,0.44875
606,2137,0,0.01,0.0
550,3094,0,0.005,0.03
939,2132,0,0.0,0.09
350,946,0,0.015,0.00875
879,1060,0,0.005,0.005
176,423,0,0.03,0.165
109,1655,0,0.41,0.285
497,1512,0,0.0,0.015
1349,946,0,0.0,0.0
599,1475,0,0.0,0.435
1186,1612,0,0.0,0.055
646,3023,0,0.0,0.565
557,452,0,0.02,0.01
1290,204,0,0.005,0.01
361,452,0,0.0,0.0
923,371,0,0.145,0.115
611,1036,0,0.005,0.354
901,150,1,0.86,0.435
593,367,0,0.085,0.03
602,430,0,0.385,0.38
784,1020,0,0.025,0.065
1278,447,0,0.005,0.04
817,2839,0,0.0,0.0
47,2862,0,0.705,0.13
583,2194,1,0.56,0.9649129665954811
431,1828,0,0.275,0.099
1305,1485,0,0.005,0.0
512,16,0,0.025,0.079
866,192,0,0.0,0.0
506,1010,0,0.0,0.005
523,1497,0,0.005,0.0
587,2821,0,0.0,0.02
860,222,0,0.255,0.53
349,435,0,0.0,0.005
267,1180,0,0.0,0.0
654,3160,0,0.13,0.14
608,257,0,0.055,0.05
49,548,0,0.175,0.085
572,355,0,0.0,0.0
1092,978,1,0.48,0.35
1185,1062,0,0.01,0.055
594,100,0,0.0,0.0
975,461,0,0.025,0.3202572388986106
539,922,0,0.0,0.01
1330,371,0,0.0,0.0
1050,772,0,0.06,0.14
995,2135,0,0.25,0.175
826,2175,0,0.0,0.0
593,1564,0,0.005,0.005
1231,3094,0,0.0,0.05875
1159,651,0,0.17,0.725
29,251,0,0.495,0.09
883,4,0,0.005,0.045
394,3221,0,0.49,0.865
944,2565,0,0.0,0.005
592,1923,0,0.0,0.115
554,2996,0,0.21,0.6048
910,946,0,0.0,0.0
1114,1362,0,0.21,0.4
1319,477,0,0.635,0.34
715,399,1,0.445,0.5611212406015038
779,1039,0,0.005,0.2
821,1519,0,0.815,0.41
839,331,0,0.03,0.02
1259,1157,0,0.005,0.0
1176,2820,0,0.0,0.0
214,2357,0,0.0,0.0
1329,1666,0,0.0,0.435
306,2976,0,0.24317098662207356,0.24317098662207356
214,1533,0,0.0,0.03
859,2660,0,0.31,0.9025773918916447
255,1772,0,0.215,0.13
578,1686,0,0.04,0.114
1190,2008,0,0.0,0.02
823,2850,0,0.025,0.17300000000000001
15,2453,0,0.0,0.0
181,878,0,0.065,0.12
329,3041,0,0.8990070206706788,0.8990070206706787
432,2398,0,0.425,0.259
44,2092,0,0.08,0.04
176,1655,0,0.74,0.595
588,430,0,0.0,0.0
875,2438,0,0.325,0.15
979,1344,0,0.22,0.2
361,430,0,0.005,0.0
571,2600,0,0.1,0.675
325,2619,0,0.025,0.065
1190,2752,0,0.379,0.135
309,403,0,0.02,0.04
465,1612,0,0.0,0.05
1246,1199,0,0.0,0.075
15,791,0,0.005,0.0
615,1612,0,0.06,0.05
273,8,1,0.92,0.765
657,705,0,0.08,0.025
396,1367,0,0.0,0.0
1176,2686,0,0.005,0.005
363,2854,1,0.305,0.255
890,2996,0,0.17,0.6048
1262,368,0,0.0,0.005
584,1828,0,0.335,0.345
265,371,0,0.0,0.0
950,363,0,0.09,0.079
220,15,0,0.095,0.195
781,3183,0,0.0,0.06
577,2146,1,0.8023214285714286,0.19
839,986,0,0.1,0.255
228,1633,0,0.0,0.0
646,1666,0,0.155,0.8990070206706787
322,190,0,0.93,0.73
925,572,0,0.008333333333333333,0.028333333333333335
294,3128,0,0.11,0.16
993,3033,0,0.0,0.005
355,3095,0,0.235,0.18
847,1573,0,0.25,0.03
751,2728,0,0.0,0.0
752,629,0,0.235,0.07
531,1633,0,0.005,0.015
944,2589,0,0.15,0.2
1081,905,0,0.325,0.25
705,1083,0,0.03,0.04
587,1095,0,0.0,0.25
111,473,0,0.555,0.245
532,1214,0,0.005,0.2
531,77,0,0.0,0.0
981,2062,0,0.025,0.475
1293,3060,0,0.0,0.005
1038,219,0,0.07,0.175
588,254,0,0.04,0.005
27,2199,0,0.0,0.004285714285714285
736,257,0,0.0,0.0
139,960,0,0.0,0.0
636,2547,0,0.325,0.22
816,777,0,0.0,0.02
79,3095,0,0.43,0.185
984,2234,1,0.395,0.765
1255,1086,0,0.36,0.285
737,2649,0,0.58,0.9649129665954811
1235,1900,0,0.005,0.0
517,2649,1,0.85,0.9649129665954811
999,3207,0,0.005,0.005
157,1151,0,0.07,0.8990070206706787
1002,1440,0,0.53,0.145
532,1350,0,0.26,0.29
1174,369,0,0.0,0.0
1262,448,0,0.005,0.07
541,2441,0,0.005,0.01
490,1007,0,0.0,0.0
606,945,0,0.0,0.13
590,457,0,0.51,1.0
883,448,0,0.0,0.0
288,3006,0,0.8990070206706788,0.8990070206706787
1275,2435,0,0.20916666666666664,0.345
517,331,0,0.04,0.015
372,740,0,0.0,0.015
773,1512,0,0.01,0.135
1287,2744,0,0.01,0.015
1244,1879,0,0.0,0.0
620,448,0,0.0,0.0
571,2877,0,0.16,0.42
858,2816,0,0.025,0.03
547,1095,0,0.0,0.04
991,1655,0,0.65,0.36
443,73,0,0.305,0.270875
618,1970,0,0.0,0.005
614,273,0,0.0,0.085
225,3175,0,0.0,0.03
1262,358,0,0.085,0.165
287,448,0,0.0,0.01
665,2917,0,0.845,0.265
231,1712,0,0.605,0.06
146,1162,0,0.0,0.01
273,1214,0,0.0,0.035
1114,2425,0,0.21,0.4
389,3023,0,0.17,0.21
512,2791,0,0.0,0.0
219,728,0,0.0,0.365
211,1636,0,0.105,0.16
270,1007,0,0.0,0.005
700,412,1,0.7315,0.28
599,3009,0,0.05375,0.205
584,1169,0,0.05,0.395
897,939,0,0.0,0.0
654,2998,0,0.0,0.02
851,2402,0,0.04,0.025
615,99,0,0.0,0.0
531,2513,1,0.535,0.445
654,2112,0,0.0,0.0
1322,324,0,0.185,0.364
1086,1109,0,0.01,0.3205073099415204
1273,2471,1,0.885,0.5646026845615535
753,2961,0,0.0,0.015
328,3043,0,0.145,0.145
297,2967,0,0.43,0.43
992,2247,1,0.225,0.53
823,904,0,0.0,0.0
1105,1433,0,0.135,0.14
837,893,0,0.0,0.0
346,1164,0,0.05,0.179
35,2544,0,0.0,0.0
443,2959,0,0.0,0.175
389,1666,0,0.12,0.7124596883118302
516,1678,0,0.01,0.06433333333333334
470,1980,0,0.105,0.8700009711328982
866,314,0,0.005,0.0
381,2640,1,0.82,0.9649129665954811
711,279,0,0.0,0.015
26,242,0,0.005,0.0
1289,3157,0,0.085,0.015
282,2986,0,0.0,0.0
616,1514,1,0.565,0.6586932975229852
412,917,0,0.015,0.005
574,2816,0,0.0,0.0
547,915,0,0.0,0.06
606,1010,0,0.115,0.3583333333333333
1185,3202,0,0.06,0.025
1011,1090,0,0.075,0.084
1019,1485,0,0.0,0.0
371,2837,0,0.19,0.415
287,330,0,0.0,0.0
1179,342,0,0.0,0.025
858,3187,0,0.7692857142857144,0.4
565,372,0,0.0,0.0
368,2864,0,0.555,0.9649129665954811
17,1984,1,0.455,0.52
574,3215,0,0.0,0.01
532,2302,0,0.525,0.63
1118,338,0,0.004375,0.008660714285714285
910,75,0,0.0,0.0
883,372,0,0.0,0.0
823,2206,0,0.0,0.0
1258,2402,1,1.0,0.305
580,922,0,0.0,0.005
514,2816,0,0.0,0.02
1272,783,0,0.0,0.085
773,2316,0,0.175,0.055
937,1551,0,0.005,0.605
1281,3162,0,0.38,0.319
999,1103,0,0.11,0.135
1225,1373,0,0.0,0.02
1293,2998,0,0.15,0.155
858,2853,0,0.0,0.01
606,998,0,0.0,0.01
527,216,0,0.0,0.15792295957284516
606,1159,0,0.0,0.025
625,127,0,0.215,0.270875
514,1497,0,0.0,0.0
965,2819,0,0.02,0.02
528,3087,0,0.0,0.025
772,923,0,0.0,0.0
1185,535,0,0.335,0.38
646,832,0,0.175,0.165
1221,2323,0,0.028999999999999998,0.015
1170,1167,0,0.015,0.0
1308,2367,0,0.0,0.3305073099415204
1105,2720,0,0.005,0.06
572,954,0,0.9693478260869566,0.9693478260869566
851,2273,0,0.015,0.025
67,1117,0,0.0,0.0
641,333,1,0.695,0.255
726,2788,1,0.755,0.9025773918916447
157,37,0,0.145,0.085
799,2612,0,0.005,0.045
1186,946,0,0.0,0.0
254,1777,0,0.02,0.06
1322,893,0,0.0,0.0
382,216,0,0.0,0.0
46,2622,0,0.015,0.02
216,1564,0,0.04,0.005
1272,1039,0,0.01,0.085
431,1715,0,0.0,0.0
1096,1351,1,1.0,0.48
282,2987,0,0.015,0.01
211,3091,0,0.0,0.045
1179,2850,0,0.0,0.005
948,2077,0,0.305,0.03
1279,523,0,0.0,0.0
753,3199,0,0.0,0.01
287,2141,0,0.0,0.0
1177,1585,0,0.0,0.165
474,998,0,0.0,0.005
858,1207,0,0.04,0.05
444,2048,0,0.015,0.005
943,880,1,0.93,0.45
823,1162,0,0.08,0.95
1330,508,0,0.035,0.09
1326,678,1,0.72,0.3
551,2216,0,0.0,0.0
1074,2095,1,0.825,0.185
454,2945,0,0.275,0.36
517,566,0,0.01,0.0
504,531,0,0.0,0.0
1078,2402,0,0.0,0.02
670,558,0,0.0,0.0
547,2877,1,0.59,0.72
279,1437,0,0.06,0.25
323,3119,0,0.33335515873015864,0.06
1179,1816,0,0.0,0.025
24,1583,0,0.52,0.105
371,2206,0,0.0,0.01
132,582,0,0.005,0.045
823,1514,0,0.245,0.565
93,1643,0,0.15,0.21
559,176,0,0.01,0.005
515,2227,0,0.005,0.005
274,647,0,0.0,0.015
736,2193,0,0.0,0.0
1272,1048,1,0.368,0.315
604,2848,0,0.0,0.0
1310,2771,0,0.5,0.52
617,2999,0,0.04,0.7265744617224881
1127,2392,0,0.0,0.04
41,851,0,0.0,0.0
1287,2065,0,0.205,0.42375
248,36,0,0.065,0.065
1329,2143,1,0.23,0.23
1099,2922,0,0.245,0.24
1038,2310,0,0.005,0.015
514,3027,0,0.045,0.185
402,2945,0,0.665,0.17
369,3007,0,0.29,0.245
157,49,0,0.48,0.27
587,2833,0,0.0,0.0
602,71,0,0.0,0.005
1257,2030,0,0.525,0.335
1287,1039,0,0.02,0.075
1001,2550,0,0.005,0.02
1287,1733,0,0.69,0.56
622,878,0,0.005,0.0
516,960,0,0.215,0.22
271,945,0,0.0,0.09
6,327,0,0.005,0.02
371,2848,0,0.335,0.095
101,1670,1,0.593125,0.16
135,1922,0,0.0,0.0
1326,2105,0,0.015,0.025
1075,1384,0,0.01,0.01
316,305,0,0.42,0.35
35,2050,0,0.01,0.325
541,1007,0,0.02,0.01
517,372,0,0.0,0.0
859,802,0,0.005,0.8990070206706787
441,1059,0,0.7049722222222222,0.46
317,1928,0,0.15,0.165
285,2946,0,0.18,0.115
751,3167,0,0.02,0.005
515,307,0,0.0,0.0
561,3034,0,0.0,0.0
350,430,0,0.00875,0.00875
574,1636,0,0.105,0.085
7,1617,0,0.19,0.203
1139,2502,0,0.0,0.0
1177,2833,0,0.075,0.30236842105263156
522,1120,0,0.0,0.0
146,2316,0,0.09,0.59
574,1010,0,0.0,0.1
856,3111,0,0.03,0.005
883,3188,0,0.0,0.09
766,389,1,0.65,0.34
146,998,0,0.02,0.01
1246,1321,0,0.01,0.475
26,921,0,0.0,0.0
543,1151,0,0.03,0.3373684210526315
364,2503,0,0.005,0.3423684210526315
5,202,0,0.09,0.085
361,558,0,0.01,0.0
804,1355,0,0.25,0.23399999999999999
1229,902,0,0.005,0.8990070206706787
1148,2839,0,0.015,0.01
512,286,0,0.77,0.9649129665954811
1324,1115,0,0.03,0.05
124,1442,0,0.095,0.655
1004,2270,0,0.185,0.335
1341,3016,0,0.015,0.565
1258,1083,0,0.0,0.13
789,3108,0,0.0,0.22
518,945,0,0.09,0.4634210526315789
1258,1040,0,0.048125,0.03208333333333333
26,4,0,0.03,0.03
348,332,0,0.0,0.035
734,2060,0,0.04,0.145
455,769,0,0.520640873015873,0.32
355,2004,0,0.62,0.275
1014,2987,0,0.015,0.005
1321,1475,0,0.01,0.3665499186423771
620,190,1,0.765,0.765
565,1017,0,0.005,0.105
737,639,0,0.0,0.01
827,2756,0,0.0,0.005
1204,3127,0,0.01,0.02
527,182,0,0.0,0.0
639,322,1,0.44,0.95
774,2393,0,0.0,0.0
1176,2395,0,0.005,0.0
883,531,0,0.0,0.0
599,3016,0,0.01,0.65
606,1095,0,0.0,0.0
2,1881,1,0.115,0.165
858,3027,0,0.03,0.015
1252,145,0,0.12,0.8990070206706787
803,354,0,0.135,0.095
109,3048,0,0.415,0.7969830122040841
1293,1485,0,0.38833333333333336,0.32375
662,3160,0,0.0,0.005
781,1686,0,0.03,0.099
804,2207,0,0.16166666666666668,0.325
455,3036,0,0.145,0.195
271,1007,0,0.0,0.0
321,2174,0,0.0,0.0
46,2078,1,0.65,0.6505036836088709
903,2027,0,0.2,0.3036170272583989
484,3224,0,0.0,0.005
1190,2399,0,0.379,0.135
1055,772,0,0.8313349567099567,0.465
562,430,0,0.0,0.0
820,691,1,0.63,0.05
653,2402,0,0.005,0.01
950,294,0,0.0,0.13
44,2996,0,0.36,0.9025773918916447
1048,1140,0,0.0,0.0
581,1690,0,0.2,0.9
946,1157,0,0.0,0.8990070206706787
763,1647,0,0.115,0.155
753,3126,0,0.0,0.015
1115,2273,0,0.09,0.405
678,260,1,0.56,0.035
1177,3199,0,0.0,0.01
556,2501,0,0.11,0.59
453,2987,0,0.0,0.01
348,1512,0,0.0,0.0
1177,1182,0,0.005,0.03
858,2833,0,0.0,0.01
736,324,0,0.0,0.0
594,3070,0,0.0,0.005
641,147,0,0.305,0.5232387351778656
1278,653,0,0.0,0.01
128,2253,0,0.24,0.035
632,1026,0,0.0,0.0
171,1182,0,0.015,0.145
518,1105,0,0.0,0.01
579,2318,0,0.005,0.43
516,558,0,0.0,0.0
570,784,0,0.08,0.175
892,960,0,0.01,0.005
1174,923,1,0.595,0.9693478260869566
1044,2566,0,0.855,0.43375
823,1170,0,0.095,0.905
556,3009,0,0.215,0.205
604,1163,0,0.0,0.005
578,3091,0,0.01,0.005
284,2363,0,0.465,0.555
1257,1039,0,0.005,0.19
23,2039,0,0.095,0.5890319397319078
109,2227,1,0.224375,0.025
1290,2490,0,0.0,0.0
312,663,0,0.645,0.485
604,808,0,0.0,0.0
382,2292,0,0.0,0.005
605,2853,0,0.165,0.77
502,1651,0,0.11,0.045
502,1785,0,0.115,0.7
974,2307,0,0.94,0.9649129665954811
1180,2132,1,0.28,0.5597368421052632
965,2314,1,0.585,0.65
837,1180,0,0.0,0.0
876,151,0,0.07,0.015
784,2577,1,0.82,0.46375
1269,2085,0,0.0,0.0
828,2819,0,0.42,0.085
632,2792,0,0.0,0.03
549,1738,0,0.0,0.015
269,1973,0,0.475,0.305
1009,817,1,0.235,0.195
1080,2026,0,0.06,0.14
45,163,0,0.015,0.125
944,2550,0,0.005,0.005
789,2562,1,0.47,0.24
602,1150,0,0.0,0.0
554,647,0,0.0,0.0
1053,759,1,0.825,0.505
1124,878,0,0.0,0.0
1105,2926,0,0.0,0.055
1150,925,1,0.5838888888888889,0.345
258,2669,0,0.0,0.005
858,3190,0,0.0,0.005
565,531,0,0.0,0.0
565,369,0,0.08,0.27275
823,998,0,0.035,0.2815627944541661
574,3199,0,0.0,0.085
1068,1157,0,0.185,0.8990070206706787
310,2161,0,0.105,0.075
632,2688,0,0.01,0.035
875,1031,0,0.12,0.14
1242,1139,0,0.005,0.105
133,1875,0,0.04,0.05
1116,3067,0,0.02,0.07
616,286,0,0.02,0.22208911024363978
731,196,0,0.0,0.0
1264,1433,0,0.0,0.05
1243,517,1,0.08,0.08
1341,307,0,0.0,0.165
652,3216,0,0.01,0.0
337,3061,0,0.275,0.275
1177,1497,0,0.0,0.165
207,1525,1,0.145,0.26941176470588235
1348,600,1,0.65,0.675
418,2884,0,0.23317098662207358,0.23317098662207358
1071,1197,0,0.38,0.08
645,286,0,0.085,0.185
760,577,0,0.085,0.035
264,1180,0,0.005,0.075
662,1720,0,0.125,0.08
1264,792,0,0.215,0.175
1321,307,0,0.015,0.035
606,2998,0,0.0,0.0
225,1518,0,0.005,0.0
619,290,1,0.66,0.035
881,2283,0,0.225,0.17
512,915,0,0.005,0.05
368,603,0,0.18,0.21
389,423,0,0.05,0.06
615,954,0,0.005,0.075
859,2398,0,0.23,0.8805272869223719
930,2860,0,0.005,0.0
523,1137,0,0.0,0.22
157,3164,0,0.19,0.005
541,2877,0,0.115,0.085
79,2489,0,0.645,0.5075
710,2565,0,0.465,0.754375
837,3166,0,0.005,0.0
78,1584,0,0.0,0.0
520,1402,0,0.005,0.005
891,2860,0,0.0,0.0
518,2195,0,0.0,0.075
176,1475,1,0.965,0.8990070206706787
222,2685,0,0.0,0.355875365497076
433,2242,1,0.489375,0.489375
539,2843,0,0.0,0.005
1353,3021,0,0.01,0.76
609,3134,0,0.005,0.205
522,2867,0,0.0,0.0
272,1186,0,0.0,0.0
230,2334,0,0.0,0.235
608,521,0,0.0,0.0
944,1167,0,0.0,0.0
597,521,1,0.5420357142857143,0.40399999999999997
1270,466,1,0.905,0.16
654,533,0,0.015,0.0
875,178,0,0.0,0.085
876,324,0,0.0,0.0
1322,921,0,0.05,0.095
511,2863,0,0.04,0.31
731,647,0,0.0,0.0
779,535,0,0.265,0.13
604,2137,0,0.0,0.0
1182,2608,0,0.015,0.07
264,331,0,0.045,0.02
250,1923,0,0.0,0.025
562,954,1,0.915,0.9693478260869566
1162,2238,0,0.015,0.025
465,99,0,0.0,0.0
431,3109,1,0.53,0.49
1229,1082,1,0.18,0.05
348,375,0,0.0,0.065
941,2264,0,0.015,0.05
632,1497,0,0.0,0.0
532,1311,0,0.715,0.64
1053,2045,0,0.01,0.249375
645,2853,0,0.145,0.185
1170,2331,0,0.02661904761904762,0.0
900,333,0,0.305,0.255
1008,1190,0,0.0,0.0
605,2818,0,0.005,0.3
26,2391,0,0.0,0.24
145,375,0,0.0,0.005
1259,2544,0,0.0,0.0
1174,176,0,0.23,0.085
734,2045,0,0.01,0.025
198,125,0,0.0,0.0
821,185,1,0.935,0.42
851,1955,0,0.05,0.025
1036,3036,0,0.165,0.17
500,1157,0,0.105,0.445
934,663,0,0.495,0.6
566,2799,0,0.1,0.095
892,426,0,0.09,0.07
999,1870,0,0.175,0.1
592,2154,0,0.0,0.07366666666666667
181,534,0,0.01,0.03
114,3080,0,0.0,0.015
1198,1108,0,0.61,0.665
858,2137,0,0.02,0.03
592,372,0,0.18,0.2
1175,265,0,0.005,0.01
1353,260,0,0.13,0.035
1072,561,0,0.01,0.0
578,2837,0,0.0,0.01
6,192,0,0.005,0.005
910,1865,0,0.005,0.045
654,2766,0,0.03,0.034
1174,521,0,0.0,0.0
517,465,0,0.14,0.235
1038,2046,0,0.115,0.155
837,368,0,0.0,0.01
602,254,0,0.0,0.0
1300,1140,0,0.545,0.005
222,1006,0,0.02,0.34581279445416613
1292,36,0,0.085,0.06
799,1961,0,0.0,0.005
516,70,0,0.0,0.015
100,1542,0,0.125,0.225
548,3034,0,0.525,0.985
176,2062,0,0.0,0.8990070206706787
1300,840,0,0.78,0.035
648,1534,0,0.11,0.025
303,3,0,0.015,0.07
1078,2432,0,0.005,0.03
271,2837,0,0.0,0.01
650,2450,0,0.0,0.0
401,2948,0,0.249375,0.249375
1138,934,1,0.7635,0.655
554,2143,0,0.61,0.6482568734015345
93,375,0,0.055,0.115
350,3161,0,0.6159523809523809,0.765
1257,1083,0,0.005,0.045
516,75,0,0.005,0.0
981,621,0,0.48035714285714287,0.095
760,1464,0,0.005,0.8990070206706787
1105,3056,0,0.005,0.06
88,521,0,0.03,0.0
584,1497,0,0.0,0.0
999,2002,0,0.025,0.12
961,1140,0,0.1383333333333333,0.045
797,2799,0,0.22,0.23399999999999999
228,1011,0,0.0,0.01
1272,1083,0,0.005,0.13
511,1159,0,0.0,0.02
251,1893,0,0.0,0.0
1262,352,0,0.0,0.005
55,2105,1,0.5413888888888888,0.175
580,3133,0,0.0,0.105
628,625,0,0.51,0.29
515,196,0,0.004285714285714285,0.0
389,836,0,0.5392857142857143,0.175
516,984,0,0.0,0.0
605,2867,0,0.0,0.0
736,4,1,0.569,0.25
522,945,0,0.02,0.18
787,2567,1,0.858886002886003,0.4769880952380953
656,229,1,0.09,0.585
1322,190,0,0.005,0.065
281,2990,0,0.4319572466865666,0.4319572466865666
515,260,0,0.0,0.0
1145,2863,0,0.0,0.005
359,1561,0,0.405,0.76
875,165,0,0.005,0.085
1026,2327,1,0.065,0.55
930,521,0,0.0,0.0
1259,456,1,0.87,0.135
452,324,0,0.005,0.0
851,2400,0,0.01,0.04
930,531,0,0.0,0.0
465,917,0,0.0,0.0
858,3171,0,0.0,0.01
1303,3110,0,0.005,0.15
349,2076,0,0.005,0.015
657,288,0,0.13,0.025
856,2323,0,0.06,0.075
132,344,0,0.15,0.045
559,331,0,0.015,0.015
866,700,0,0.6574929653679655,0.56625
71,1559,0,0.055,0.01
444,2757,0,0.185,0.035
1105,1427,0,0.71,0.6
993,3080,0,0.0,0.125
267,750,0,0.125,0.4697826086956522
371,2863,0,0.065,0.05
325,3108,0,0.0,0.15
736,893,0,0.2,0.115
661,521,0,0.0,0.05866666666666667
465,1146,0,0.205,0.65
1357,413,0,0.08,0.13
799,804,1,0.345,0.32
1116,966,0,0.105,0.02
1272,1062,0,0.01,0.085
1257,792,0,0.0,0.025
216,430,0,0.0,0.0
556,3022,0,0.28,0.95
558,2851,1,0.71,0.46065453925365246
584,1137,0,0.16,0.2847826086956522
510,1837,0,0.26,0.17
779,2587,1,0.605,0.627483552631579
1005,891,0,0.075,0.22799999999999998
724,2788,0,0.445,0.9025773918916447
137,1717,0,0.025,0.07
484,190,0,0.0,0.05866666666666667
999,2263,1,0.75,0.315
316,1762,0,0.1,0.24
326,3113,0,0.195,0.195
1145,3091,0,0.0,0.015
26,954,0,0.27,0.04
615,331,0,0.005,0.035
523,1514,0,0.005,0.105
121,1768,1,0.195,0.23
188,1513,1,0.8369047619047619,0.335
302,2983,0,0.795,0.6827678571428573
1145,1686,0,0.005,0.005
357,1437,0,0.005,0.005
263,52,0,0.015,0.035
837,145,0,0.0,0.135
518,2818,0,0.005,0.03
599,2313,0,0.0,0.28201067887109077
1303,3106,0,0.0,0.155
1284,1080,1,0.995,0.214375
546,145,0,0.2,0.52
520,1099,0,0.025,0.354
142,92,0,0.09,0.365
1349,354,0,0.015,0.0
722,1117,0,0.015,0.0
319,3110,0,0.025,0.04
512,3027,0,0.01,0.07
1119,2135,0,0.615,0.48
930,2839,0,0.0,0.0
253,469,0,0.0,0.015
615,372,0,0.105,0.25
264,371,0,0.0,0.09
176,1666,0,0.36,0.8990070206706787
348,1497,0,0.46,0.9649129665954811
345,1520,1,0.035,0.09
126,2914,0,0.085,0.02
172,1962,0,0.01,0.165
859,2478,0,0.015,0.8990070206706787
910,955,0,0.0,0.0
638,327,1,0.735,0.47069242002501016
97,1637,1,0.565,0.38
322,939,0,0.015,0.0
3,1385,0,0.0,0.0
276,2161,0,0.0,0.0
467,2084,0,0.05,0.085
1334,566,0,0.6978571428571427,0.354
825,2620,1,0.155,0.255
553,371,0,0.055,0.105
1290,2765,0,0.1,0.085
1011,948,0,0.02,0.01
541,1686,0,0.005,0.039
829,1072,0,0.0,0.0
211,726,0,0.14227777777777778,0.095
837,426,0,0.0,0.0
608,1017,0,0.0,0.17921052631578946
874,788,0,0.1,0.225
1146,2452,0,0.01,0.0
705,2920,0,0.61,0.095
951,2915,0,0.0,0.0
672,2846,1,0.55,0.9649129665954811
1337,2117,0,0.365,0.2
1269,2065,0,0.20800000000000002,0.42375
44,845,0,0.005,0.165
793,1690,0,0.825,0.9
753,2112,0,0.005,0.0
325,3106,0,0.0,0.075
620,521,0,0.0,0.0
543,331,0,0.0,0.0
371,915,0,0.0,0.03
145,2600,0,0.0,0.0
547,1105,0,0.253875,0.375
747,248,0,0.2,0.13
258,1767,0,0.17,0.19645833333333332
448,2147,1,0.36,0.5530649721604104
1066,2023,0,0.0,0.0
582,2799,0,0.09,0.095
265,984,0,0.03,0.12
991,832,1,0.269375,0.0
608,192,0,0.0,0.0
852,1446,0,0.0,0.0
168,2820,0,0.075,0.325
1018,398,0,0.0,0.005
605,1011,0,0.01,0.025
409,2902,0,0.58,0.115
169,1501,1,0.865,0.7124596883118302
773,2137,0,0.255,0.105
484,3019,0,0.0,0.0
88,893,0,0.0,0.01
287,2591,0,0.0,0.0
858,2497,0,0.0,0.0
578,2165,0,0.005,0.005
1145,2847,0,0.35,0.315
134,1882,0,0.125,0.18899999999999997
971,260,0,0.28,0.165
709,2768,0,0.8006661255411257,0.5975
837,954,0,0.165,0.21
1315,671,0,0.045,0.04
322,893,0,0.11,0.175
1275,783,0,0.1,0.125
1080,2057,0,0.5277272727272727,0.14
539,3062,0,0.02,0.025
60,2106,1,0.495,0.105
202,2219,0,0.0,0.12
571,915,0,0.005,0.02
517,750,0,0.0,0.09480000000000001
285,3030,1,0.72,0.9649129665954811
614,998,0,0.02,0.07
515,621,0,0.02,0.0
154,1896,0,0.06,0.06
578,2867,0,0.005,0.0
93,2850,0,0.26,0.48
588,3161,0,0.055,0.32909090909090905
550,2419,0,0.21,0.59
157,1865,0,0.14,0.05
546,1900,0,0.64,0.2
50,2962,0,0.07,0.3665499186423771
1130,521,0,0.04,0.07433333333333333
960,2325,0,0.0,0.0
432,208,0,0.015,0.025
331,3106,0,0.0,0.075
774,1675,0,0.04,0.135
1349,977,0,0.0,0.0
1050,2986,0,0.005,0.015
412,2193,0,0.03,0.035
779,2139,0,0.0175,0.045
847,1818,0,0.105,0.07
1174,984,0,0.415,0.995
620,2791,0,1.0,0.7274488107650713
591,2176,1,0.385,0.9649129665954811
1254,527,1,0.755,0.5675244494635799
1048,840,0,0.005,0.0
208,1870,0,0.015,0.05
548,3080,0,0.005,0.195
1115,1039,0,0.12,0.1
614,1636,0,0.315,0.62
389,3021,0,0.005,0.21
225,2137,0,0.01,0.08
527,3019,0,0.0,0.0
597,151,0,0.0,0.0
43,3110,0,0.035,0.065
759,983,0,0.05,0.065
736,338,0,0.015,0.05
644,2863,0,0.095,0.12
1154,2867,0,0.0,0.0
1316,936,0,0.33399999999999996,0.38799999999999996
1170,2250,0,0.005,0.09
493,45,0,0.09,0.07
939,2921,0,0.005,0.14421052631578946
446,1216,0,0.045,0.6194
1008,2824,0,0.0,0.01
1050,759,0,0.625,0.28
1354,593,1,0.85,0.42375
360,2946,0,0.0,0.065
1296,692,1,0.275,0.2
1173,412,0,0.24,0.265
1215,1170,0,0.41227777777777774,0.795
139,923,0,0.0,0.0
946,2584,0,0.28,0.045
753,2441,0,0.0,0.025
1320,685,1,0.5983333333333333,0.605
588,939,0,0.0,0.0
267,639,0,0.0,0.025
511,955,0,0.095,0.09
1050,3132,0,0.335,0.265
425,1593,0,0.03,0.04
536,3166,0,0.08,0.155
465,1213,0,0.095,0.2089473684210526
610,277,0,0.96,0.44
827,2321,0,0.03,0.07400000000000001
830,2494,0,0.47,0.315
348,3027,0,0.0,0.21997827146368337
355,1171,0,0.015,0.0
879,2812,1,0.45483333333333326,0.36
764,387,1,0.075,0.18
819,2055,0,0.5588888888888889,0.355
615,151,0,0.0,0.02
198,1836,0,0.01,0.01
157,71,0,0.015,0.05
485,2434,1,0.3,0.405
737,371,0,0.0,0.125
880,297,0,0.085,0.04
1075,2188,0,0.04,0.145
865,2496,1,0.3366666666666667,0.6975119617224881
654,3003,0,0.035,0.005
873,1070,0,0.02,0.585
577,1136,0,0.03,0.335
1108,1450,0,0.325,0.335
581,3039,0,0.65,0.935
348,2137,0,0.0,0.005
736,954,0,0.0,0.0
1175,1599,0,0.0,0.005
518,1585,0,0.0,0.13860952380952382
819,2153,0,0.01,0.3337140108493083
8,1936,1,0.32,0.3
653,2573,0,0.36,0.66
357,2041,0,0.335,0.265
553,369,0,0.0,0.0
897,950,0,0.01,0.005
631,2529,0,0.015,0.36025723889861055
465,954,0,0.0,0.075
359,1240,0,0.345,0.5
1190,2009,0,0.027708333333333335,0.05
310,2008,0,0.1,0.045
496,924,0,0.05,0.55
523,273,0,0.095,0.295
120,1754,1,0.6894444444444444,0.24
225,2411,0,0.015,0.039
233,608,0,0.115,0.105
1106,2452,0,0.0,0.05
109,2062,0,0.005,0.475
1292,1828,0,0.03,0.06
1055,2045,0,0.005,0.17
620,182,0,0.0,0.0
443,3126,0,0.0,0.005
741,485,0,0.08,0.215
1195,1342,0,0.065,0.15
1251,558,0,0.0,0.0
1306,1584,0,0.0,0.0
1114,3035,0,0.67,0.49
1019,312,0,0.155,0.10400000000000001
578,2257,0,0.6216666666666666,0.55
77,1606,1,0.6169444444444444,0.585
594,2853,0,0.01,0.06
1133,2171,1,0.2995833333333333,0.63592806343105
316,1171,0,0.01,0.013999999999999999
63,2129,1,0.8990070206706788,0.8990070206706787
603,2020,0,0.0,0.0
47,2133,0,0.265,0.04
930,558,0,0.0,0.0
823,2364,0,0.07,0.59
808,462,0,0.215,0.39
1264,204,0,0.83,0.385
512,1026,0,0.0,0.005
910,3017,0,0.135,0.23
799,732,0,0.005,0.0
888,273,0,0.065,0.205
1269,1083,0,0.005,0.025
389,2143,0,0.36,0.7033164835164836
624,2269,0,0.185,0.22399999999999998
225,1170,0,0.0,0.025
92,1517,0,0.02,0.46
1324,674,1,0.545,0.3
525,2494,0,0.0,0.0
87,2821,0,0.0,0.02
1176,2687,0,0.01,0.115
892,355,0,0.005,0.0
950,994,0,0.595,0.6646924200250102
547,2464,0,0.0,0.005
823,2877,0,0.045,0.63
233,744,0,0.8058333333333334,0.27
361,354,0,0.0,0.0
176,3021,0,0.02,0.565
321,3120,1,0.96,0.99
1201,3119,0,0.045,0.08
866,2177,0,0.0,0.0
431,1137,0,0.205,0.55
382,2251,0,0.0,0.0
1330,3213,0,0.0,0.028999999999999998
732,1293,0,0.005,0.025
547,1010,0,0.0,0.01
573,1646,1,0.835,0.9543478260869566
1215,1973,0,0.0,0.005
389,307,0,0.16,0.06
1262,984,0,0.11,0.31
157,3077,0,0.085,0.045
15,1183,0,0.045,0.225
263,2162,0,0.01,0.09
768,382,1,0.215,0.02
396,3034,0,0.0,0.03
1014,3132,0,0.14,0.13
946,2039,0,0.015,0.865
511,3204,0,0.0,0.02
1176,1364,0,0.0,0.0
139,368,0,0.0,0.0
594,606,1,0.145,0.185
1110,2018,1,0.78,0.125
531,1720,0,0.037321428571428575,0.05303571428571429
706,198,0,0.02,0.14
1330,1696,0,0.0,0.0
496,2441,0,0.01,0.28421052631578947
1264,1427,0,0.15,0.345
804,2132,0,0.0,0.0
981,3021,0,0.0,0.76
452,2524,1,0.419,0.7274488107650713
648,1190,0,0.14,0.215
867,782,0,0.01,0.08
1170,1117,0,0.27,0.205
786,370,0,0.0,0.005
324,2064,0,0.005,0.3
844,969,1,0.02,0.07
225,2165,0,0.005,0.035
1083,983,1,0.8,0.94
274,1666,0,0.125,0.4406545392536525
897,2393,0,0.01,0.015
1002,802,1,0.475,0.215
270,2141,0,0.0,0.0
618,1183,0,0.015,0.045
13,2425,0,0.345,0.355
778,3039,0,0.005,0.01
1294,2159,0,0.045,0.29
29,3207,0,0.795,0.675
593,946,0,0.0,0.0
646,3021,0,0.05,0.565
1037,768,1,0.823272324897325,0.2635416666666667
1212,2060,0,0.0,0.005
1054,762,0,0.02,0.045
574,3190,0,0.055,0.09
803,3188,0,0.0,0.09
852,2998,0,0.0,0.015
282,2835,0,0.055,0.175
540,2521,0,0.04,0.05
1332,288,0,0.0,0.0
1118,426,0,0.0,0.0
819,558,0,0.0,0.0
597,1678,0,0.295,0.355
1241,3055,0,0.23,0.405
284,312,0,0.0,0.025
606,1886,0,0.0,0.0
642,428,0,0.0,0.0
480,1519,0,0.435,0.405
646,2143,0,0.08,0.8990070206706787
1102,967,1,0.85,0.6067552186943491
572,372,0,0.125,0.035
541,3190,0,0.0,0.005
204,53,0,0.04,0.05
625,2755,0,0.0,0.0
498,2027,0,0.38,0.88
541,3187,0,0.27449999999999997,0.285
578,1687,0,0.0,0.0
133,46,0,0.565,0.05
892,2807,0,0.01,0.09480000000000001
490,327,0,0.04,0.08900000000000001
933,3119,0,0.335,0.075
543,1667,0,0.03,0.035
186,1518,1,0.98,0.9193205122103411
599,3021,0,0.03,0.65
601,2048,1,0.585,0.24317098662207356
592,176,0,0.005,0.015
671,2993,0,0.02,0.135
557,448,0,0.0,0.0
624,195,0,0.015,0.025
556,3048,0,0.72,0.725
1196,2508,0,0.0,0.115
258,2803,0,0.0,0.0
1212,2133,0,0.235,0.04
883,216,0,0.0,0.0
668,220,1,0.08,0.015
642,911,0,0.1,0.31
910,1017,0,0.04,0.22
578,3027,0,0.09,0.3597826086956522
571,2474,0,0.105,0.19
1258,1044,1,0.435,0.38
339,3066,0,0.11,0.11
1061,1559,0,0.13,0.08
592,955,0,0.0,0.005
517,2839,0,0.01,0.04
1158,985,0,0.505,0.15
1064,691,0,0.7,0.42
138,1991,0,0.055,0.165
484,921,0,0.0,0.0
285,450,0,0.035,0.12
597,426,0,0.0,0.0
599,423,0,0.005,0.025
110,2592,0,0.0,0.025
662,77,0,0.0,0.0
907,1118,0,0.01,0.64
425,2560,0,0.045,0.04
553,999,0,0.02,0.028999999999999998
578,3187,0,0.0,0.33
146,3183,0,0.0,0.02
522,3199,0,0.0,0.065
1130,2393,0,0.0,0.0
135,100,0,0.005,0.0
522,2837,0,0.0,0.0
1195,1033,0,0.055,0.06375
699,2054,0,0.0,0.11
565,452,0,0.01,0.08
1099,2425,1,0.995,0.56
350,99,0,0.0,0.025
423,2816,0,0.115,0.105
970,2714,0,0.525,0.08
518,2600,0,0.0,0.005
271,2497,0,0.0,0.01
804,2274,0,0.18666666666666668,0.54
511,3220,0,0.0,0.02
916,3106,0,0.11,0.07
640,323,1,0.14,0.8990070206706787
584,3160,0,0.015,0.07
1262,3161,0,0.0,0.0
493,2391,0,0.0,0.0
12,1159,0,0.0,0.03
895,2560,0,0.15,0.05
129,3159,0,0.01,0.07
333,168,0,0.0,0.0
26,367,0,0.0,0.0
396,1311,0,0.0,0.0
548,3063,0,0.15,0.28419437340153453
26,3017,0,0.0,0.0
225,1001,0,0.0,0.025
1284,2960,0,0.0,0.005
1072,2046,1,0.12,0.03
564,1097,0,0.0,0.0
1202,2892,0,0.035,0.115
606,2257,0,0.0,0.03
0,1878,1,0.87,0.655
662,2959,0,0.0,0.125
1022,306,0,0.02,0.025
275,3108,0,0.05,0.02
1304,1116,0,0.025,0.09
70,1485,0,0.0,0.145
873,3063,0,0.01,0.215
398,2938,0,0.24317098662207356,0.24317098662207356
44,832,0,0.03,0.165
45,2849,0,0.0,0.235
1227,1088,1,0.64,0.23
275,2995,0,0.21,0.5829781376518218
329,2894,0,0.655,0.8990070206706787
877,195,1,0.055,0.015
821,2096,0,0.4344444444444444,0.4
165,1728,0,0.33,0.065
109,3016,0,0.025,0.76
541,3194,0,0.005,0.005
27,3160,0,0.0,0.0
1177,1014,0,0.57,0.57
135,1129,0,0.0,0.075
1262,324,0,0.0,0.005
1111,2680,0,0.01,0.09
274,832,0,0.05,0.035
840,2292,0,0.0,0.0
654,2961,0,0.0,0.0
687,97,0,0.005,0.0
602,1146,0,0.325,0.65
642,216,0,0.0,0.005
1190,2447,0,0.5845833333333333,0.42
1196,2076,0,0.0,0.005
547,3171,0,0.0,0.005
252,1786,0,0.65,0.22
1322,368,0,0.0,0.0
515,423,0,0.005,0.025
492,2853,0,0.005,0.0
389,3022,0,0.03,0.2895694090298209
539,1214,0,0.0,0.005
1264,3089,0,0.01,0.12
917,3132,0,0.035,0.02
1223,2852,0,0.06,0.055
395,2906,1,0.435,0.12
586,3134,0,0.0,0.0
334,3031,1,0.8306388888888888,0.9649129665954811
114,3033,0,0.0,0.075
157,1958,0,0.135,0.07
989,2097,0,0.435,0.6505036836088709
271,1207,0,0.0,0.0
184,1771,0,0.175,0.134
946,3140,0,0.015,0.155
852,3003,0,0.005,0.039
279,2108,1,0.47065453925365247,0.47065453925365247
784,412,0,0.0,0.005
578,1636,0,0.16,0.11
606,2853,0,0.0,0.005
1005,292,0,0.025,0.025
907,3110,0,0.0,0.06
680,266,1,0.985,0.115
1037,3036,0,0.165,0.17
852,2591,0,0.035,0.24478571428571425
973,461,0,0.28,0.3202572388986106
736,372,0,0.0,0.0
350,923,0,0.0,0.0
443,3117,0,0.105,0.7032280525846701
548,2516,0,0.455,0.38833333333333336
571,430,0,0.0,0.0
271,1497,0,0.0,0.12481551226551227
662,111,0,0.0,0.0
1246,1268,0,0.0,0.145
514,2818,0,0.065,0.485
187,1516,1,0.345,0.3
1056,2584,0,0.435,0.045
820,185,0,0.215,0.05
1198,1367,0,0.0,0.0
1127,2109,0,0.0,0.005
1053,2835,0,0.105,0.395
271,831,0,0.0,0.0
751,2707,0,0.005,0.005
625,1409,0,0.0,0.0
176,2996,0,0.19,0.9025773918916447
1176,540,0,0.355,0.475
229,2141,0,0.27,0.08
557,939,0,0.0,0.0
1284,2009,0,0.20466071428571428,0.214375
1229,145,0,0.065,0.8990070206706787
146,915,0,0.045,0.065
511,2877,0,0.0,0.05
857,2167,0,0.02,0.27421052631578946
1337,1844,0,0.52,0.45
546,2649,0,0.0,0.05866666666666667
528,1265,0,0.03,0.055
820,2011,0,0.035,0.02
875,1592,0,0.04,0.055
834,3012,0,0.01,0.01
1105,107,0,0.14,0.135
1072,402,0,0.26,0.28
229,312,0,0.0,0.0
866,203,1,0.875,0.15
176,845,0,0.155,0.165
1251,1738,0,0.125,0.04
1272,1342,1,0.99,0.32
681,1600,0,0.15,0.545
840,2175,0,0.055,0.055
1177,2411,0,0.0,0.0
917,772,0,0.19,0.04
208,1940,0,0.02,0.19
912,763,0,0.66,0.505
145,3126,0,0.03,0.7218333333333333
543,145,0,0.0,0.25
105,3022,0,0.04,0.8990070206706787
74,1599,1,0.565,0.535
812,2797,1,0.04,0.1
490,100,0,0.0,0.0
114,3034,0,0.0,0.075
129,2958,0,0.04,0.085
465,1763,0,0.0,0.0
1179,891,0,0.095,0.08
1214,549,1,0.39454545454545453,0.4066666666666666
827,2335,0,0.0,0.0
594,1447,0,0.0,0.0
514,3085,0,0.835,0.075
997,2255,1,0.37333333333333335,0.4625714285714286
1022,1484,0,0.04625,0.02625
606,2818,0,0.09,0.125
544,1585,0,0.005,0.01
632,332,0,0.0,0.03
202,59,0,0.015,0.525
1300,9,0,0.925,0.055
1014,773,1,0.855,0.505
486,2446,1,0.225,0.07
536,3094,0,0.0,0.0
971,845,0,0.455,0.165
1110,2023,0,0.0,0.0
1305,1852,0,0.0,0.005
341,556,0,0.0,0.015
570,2853,0,0.0,0.0
1039,3069,0,0.58,0.6877678571428573
548,1068,0,0.09,0.129
1264,2510,0,0.005,0.045
971,2313,0,0.01,0.8990070206706787
216,372,0,0.0,0.0
1185,2926,0,0.0,0.01
1145,2137,0,0.01,0.005
824,1322,0,0.0,0.0
496,1828,0,0.0,0.049
572,368,0,0.0,0.0
382,1089,0,0.005,0.0
112,3106,0,0.26,0.02
876,951,0,0.065,0.155
1127,2331,0,0.055,0.08
753,125,0,0.01,0.015
443,1715,0,0.0,0.0
541,1120,0,0.02,0.01
131,3107,1,0.6835,0.975
577,2837,0,0.3,0.205
1057,919,0,0.0,0.03
1078,2936,0,0.0,0.2
146,3029,0,0.035,0.535
27,1188,0,0.015,0.15
425,1118,0,0.46,0.83
858,3204,0,0.0,0.005
1017,2062,0,0.01,0.015
532,0,0,0.18,0.215
567,3143,0,0.0,0.035
176,621,0,0.055,0.165
1069,1787,0,0.43,0.265
620,352,0,0.13,0.105
805,1637,0,0.245,0.165
605,3175,0,0.005,0.13
516,1146,0,0.02,0.395
523,111,0,0.01,0.02
520,2301,0,0.0,0.005
408,2813,0,0.155,0.07
23,2108,0,0.10666071428571428,0.275
364,1900,0,0.02,0.025
606,2848,0,0.0,0.0
1303,743,1,0.375,0.19
514,3199,0,0.0,0.01
1305,1105,0,0.0,0.09480000000000001
863,891,0,0.04,0.07
1176,2595,0,0.025,0.125
645,1514,0,0.0,0.005
90,344,0,0.0,0.085
599,832,0,0.0,0.0
589,1138,0,0.715,0.845
492,1961,0,0.0,0.0
874,787,0,0.0,0.005
184,1553,0,0.295,0.325
863,2392,0,0.29,0.015
588,521,0,0.03,0.0
1255,1078,1,0.49,0.155
821,1561,1,0.505,0.76
1308,2773,0,0.0,0.0
993,1214,0,0.02,0.02
702,410,1,0.68,0.355
608,216,0,0.015,0.075
593,893,0,0.005,0.0
944,2139,0,0.01,0.015
520,922,0,0.0,0.005
465,485,0,0.005,0.0
1290,1057,0,0.0,0.0
803,2393,0,0.0,0.005
1353,1475,0,0.045,0.4406545392536525
82,878,0,0.045,0.095
578,1652,0,0.0,0.005
1111,2811,0,0.0,0.0
947,2070,0,0.025,0.075
12,2847,0,0.0,0.0
858,998,0,0.005,0.0
975,1517,0,0.825,0.9649129665954811
645,924,0,0.005,0.015
208,1865,0,0.0,0.1
892,428,0,0.0,0.0
374,2815,1,0.945,0.9649129665954811
511,1973,0,0.0,0.01
3,1879,1,0.61,0.19
1021,2839,0,0.0,0.0
522,2821,0,0.185,0.195
570,795,1,0.93,0.12
1105,3026,0,0.005,0.06
632,1011,0,0.0,0.06346666666666667
515,2804,1,0.535,0.635
1004,1424,0,0.185,0.12
586,1823,0,0.075,0.185
225,2847,0,0.02,0.075
844,2463,1,0.11,0.07
951,2998,0,0.0,0.0
250,2524,0,0.42,0.7274488107650713
586,3133,0,0.0,0.075
1038,2083,0,0.1,0.155
760,397,1,0.02,0.03
951,2839,0,0.02,0.01
1186,70,0,0.2,0.1
67,3151,0,0.12,0.07
48,2078,0,0.11,0.6505036836088709
851,3056,0,0.025,0.03
593,897,0,0.0,0.0
823,2518,0,0.29,0.4
1170,1072,0,0.005,0.0
148,2334,0,0.0,0.235
993,1311,0,0.0,0.005
652,318,1,0.82,0.09
511,1748,0,0.025,0.085
348,1007,0,0.0,0.0
295,2969,0,0.24317098662207356,0.24317098662207356
827,2183,0,0.0,0.005
592,355,0,0.0,0.0
225,3171,0,0.0,0.01
118,2199,0,0.02,0.03
1269,1026,0,0.005,0.025
312,2771,0,0.235,0.305
250,1148,0,0.0,0.0
518,1137,0,0.035,0.025
1174,372,0,0.0,0.005
923,893,0,0.0,0.0
23,312,0,0.0,0.0
3,1068,0,0.0,0.01
593,372,0,0.01,0.005
800,3053,0,0.285,0.285
837,1595,0,0.005,0.1939473684210526
319,3106,0,0.225,0.06
1242,787,0,0.025,0.07
892,2308,0,0.4822222222222222,0.7274488107650713
597,1146,0,0.0,0.09
27,2591,0,0.005,0.01
1110,2036,0,0.155,0.085
557,2473,0,0.0,0.0
142,1769,0,0.015,0.365
87,3194,0,0.0,0.01
593,558,0,0.0,0.0
678,845,0,0.075,0.035
1075,797,0,0.0,0.0
736,2393,0,0.0,0.0
1166,2167,1,0.36,0.405
320,3054,0,0.025,0.02
309,3050,0,0.005,0.0
516,331,0,0.08,0.03
514,1132,0,0.005,0.355
361,70,0,0.04,0.075
432,554,0,0.0,0.0
522,1207,0,0.0,0.035
910,902,0,0.0,0.0
630,274,1,0.485,0.105
602,1842,0,0.0,0.0
553,946,0,0.0,0.0
5,345,0,0.005,0.085
1190,2426,1,0.015,0.035
989,2151,0,0.145,0.6505036836088709
516,902,0,0.43,0.425
577,3143,0,0.0,0.0
1038,741,0,0.065,0.29
1068,2093,0,0.03,0.045
93,2195,0,0.0,0.005
492,3160,0,0.0,0.025
1101,2370,0,0.25366666666666665,0.525
1264,3003,0,0.0,0.0
837,531,0,0.025,0.005
267,190,0,0.0,0.0
265,902,0,0.0,0.0
948,2038,0,0.005,0.0
518,998,0,0.27399999999999997,0.75
1349,1017,0,0.645,0.9649129665954811
937,1757,0,0.08,0.16
364,145,0,0.21,0.035
614,3175,0,0.035,0.675
157,145,0,0.14,0.8990070206706787
614,2364,0,0.03,0.07
991,2062,0,0.02,0.23
614,3190,0,0.0,0.075
412,1017,0,0.045,0.22
1078,2139,0,0.005,0.045
516,3032,0,0.135,0.145
61,3046,0,0.01,0.005
243,141,1,0.5983333333333333,0.72
695,2768,0,0.03,0.8990070206706787
145,1643,0,0.15,0.075
225,1162,0,0.0,0.025
1341,2851,0,0.005,0.8990070206706787
1307,716,1,0.745,0.47
999,2265,0,0.61,0.315
671,3036,0,0.415,0.085
604,2165,0,0.01,0.11
1115,1033,0,0.0,0.005
258,1864,0,0.075,0.16645833333333332
1053,243,0,0.445,0.16
1014,2290,0,0.7,0.28
827,2249,0,0.0,0.005
1066,2108,0,0.05,0.105
1170,2392,0,0.0,0.185
670,3183,0,0.0,0.0
710,2139,0,0.32145833333333335,0.9649129665954811
609,3034,0,0.01,0.015
573,752,0,0.0,0.005
1286,2336,1,1.0,0.455
798,3110,0,0.005,0.07
851,783,0,0.01,0.04
738,2018,0,0.04,0.025
820,2355,0,0.135,0.02
193,1524,1,0.0,0.2
541,1687,0,0.0,0.005
1290,562,0,0.0,0.0
382,939,0,0.0,0.0
512,2271,0,0.005,0.015
1198,1350,0,0.0,0.0
1360,1908,0,0.005,0.0
958,986,0,0.0,0.015
532,922,1,0.65,0.4033333333333334
1024,1032,0,0.93175,0.35
515,2996,0,0.38,0.995
786,2568,1,0.9156031746031746,0.43375
562,192,0,0.05,0.12375
883,3161,0,0.0,0.1
513,2527,0,0.7785194805194804,0.43875
333,1675,0,0.0,0.09
161,1491,1,0.635,0.6332568734015345
310,3103,1,0.6,0.9121820728291317
580,1099,0,0.0,0.075
27,1183,0,0.015,0.105
452,338,0,0.09,0.085
713,978,0,0.07,0.145
827,2758,1,0.535,0.585
518,915,1,0.815,0.445
586,922,0,0.0,0.005
753,2877,0,0.0,0.2913391102436398
586,3034,0,0.008333333333333333,0.095
276,2143,0,0.025,0.23
875,2615,0,0.335,0.22
749,345,1,0.64,0.29
407,1647,0,0.01,0.06
606,1011,0,0.0,0.015
219,1769,0,0.0,0.365
364,1696,0,0.01,0.005
333,891,0,0.0,0.005
1198,1214,0,0.0,0.0
1305,137,0,0.13,0.290875
762,396,1,0.335,0.4
1322,452,0,0.195,0.08
982,2762,1,0.7,0.23
578,831,0,0.0,0.0
333,1183,0,0.0,0.0
3,199,0,0.0,0.0
105,3021,0,0.145,0.565
642,448,0,0.0,0.005
47,2987,0,0.035,0.01
517,984,0,0.0,0.0
251,2959,0,0.0,0.0
674,256,1,0.035,0.6160916288861561
1262,367,0,0.055,0.05
804,2122,0,0.03,0.19274999999999998
1177,2518,0,0.11,0.1
361,977,0,0.0,0.0
1174,354,0,0.0,0.0
496,111,0,0.235,0.23
197,1999,0,0.175,0.155
25,1445,1,1.0,1.0
1090,892,0,0.04,0.09
515,3009,0,0.25,0.205
837,508,0,0.005,0.2
142,1817,0,0.035,0.1
1246,1223,0,0.0,0.125
930,960,0,0.0,0.0
462,202,0,0.005,0.015
1020,2589,0,0.69,0.135
837,371,0,0.335,0.2694
556,906,0,0.18,0.52625
359,2894,0,0.005,0.05
518,2877,0,0.0,0.135
137,1890,0,0.39,0.07
196,76,0,0.175,0.14
578,3220,0,0.01,0.10400000000000001
967,277,0,0.185,0.06
44,2851,0,0.0,0.8990070206706787
322,452,0,0.07,0.07
322,521,0,0.0,0.0
350,242,0,0.0,0.0
355,1210,0,0.01,0.03
444,1432,0,0.045,0.13
858,2877,0,0.025,0.015
207,2287,0,0.0,0.0
145,1132,0,0.03,0.7218333333333333
497,2877,0,0.045,0.105
592,950,0,0.0,0.0
496,2818,0,0.02,0.1989473684210526
808,1052,0,0.0,0.045
886,2309,1,0.84,0.585
574,1975,0,0.01,0.04
1328,1114,0,0.095,0.17
762,1447,0,0.53,0.235
468,3005,0,0.02,0.02
858,3215,0,0.12,0.16
1149,920,1,0.825,0.125
584,959,1,0.97,0.6830368975149227
883,2671,0,0.0,0.005
465,242,0,0.075,0.175
265,917,0,0.01,0.0
112,3110,0,0.015,0.055
583,2844,0,0.045,0.065
393,1852,0,0.0,0.005
695,1548,0,0.255,0.095
330,1201,0,0.27,0.72
781,2206,0,0.07,0.295
1169,1168,0,0.0,0.21
781,3204,0,0.005,0.11
644,3107,0,0.17,0.2
285,2856,0,0.0,0.065
632,1514,0,0.0,0.33
91,3145,0,0.01,0.005
363,563,0,0.0,0.0
1262,893,0,0.0,0.005
27,2853,0,0.015,0.005
44,1666,0,0.005,0.8990070206706787
18,2873,0,0.02,0.015
93,1497,0,0.0,0.155
1084,2108,0,0.41,0.035
892,372,0,0.05,0.135
829,1495,0,0.0,0.0
527,960,0,0.0,0.0
971,1475,0,0.005,0.8990070206706787
544,111,0,0.315,0.285
26,902,0,0.0,0.02
1322,3161,0,0.18,0.235
126,2958,0,0.04,0.085
1170,2802,0,0.07,0.01
278,3108,0,0.04,0.065
270,192,0,0.005,0.005
225,3204,0,0.0,0.05
587,1514,0,0.16,0.565
1051,3062,0,0.565,0.305
606,1014,0,0.0,0.09
837,946,0,0.01,0.01
593,242,0,0.005,0.005
1142,932,0,0.0,0.0
923,986,0,0.005,0.0
578,1075,0,0.06,0.005
578,1585,0,0.0,0.13860952380952382
79,1190,0,0.48,0.94
324,2982,0,0.03,0.375
558,621,0,0.4425,0.095
1141,995,0,0.265,0.615
492,2150,0,0.01,0.025
788,2347,0,0.6416666666666667,0.35
883,1612,0,0.005,0.05
497,1170,0,0.08,0.545
204,1961,0,0.0,0.07
396,3063,0,0.45,0.52
1272,2490,0,0.005,0.0
587,1170,0,0.095,0.905
336,3037,0,0.42754548198068426,0.42754548198068426
646,2501,0,0.02,0.565
642,1927,0,0.015,0.0
342,570,0,0.06,0.11
1241,3092,0,0.0,0.005
518,3194,0,0.015,0.07
